,Date,Open,Close,Return,Next Return
0,2020-12-28 00:00:00+05:30,1638.2299272924693,1684.40185546875,0.02818403412553321,-0.027885742187500027
1,2020-12-29 00:00:00+05:30,1697.1302760216436,1688.84423828125,-0.004882381663602998,-0.01350557839107442
2,2020-12-30 00:00:00+05:30,1697.130243814696,1686.298583984375,-0.006382338579963317,-0.03689078595396511
3,2020-12-31 00:00:00+05:30,1685.1505225436729,1720.2412109375,0.020823474178946946,0.013853225941322656
4,2021-01-01 00:00:00+05:30,1712.1548840813916,1709.7589111328125,-0.0013993903068323286,-0.014441102364992426
5,2021-01-04 00:00:00+05:30,1713.4527102255022,1740.20751953125,0.015614559506708939,-0.013490129225324877
6,2021-01-05 00:00:00+05:30,1745.4485987882515,1710.35791015625,-0.020104108855661877,0.030154768527476748
7,2021-01-06 00:00:00+05:30,1741.056049235203,1727.92822265625,-0.007540151613567969,-0.004571272431468593
8,2021-01-07 00:00:00+05:30,1734.0677826074027,1758.1270751953125,0.013874482202612306,0.005209551599925211
9,2021-01-08 00:00:00+05:30,1767.012101618908,1728.3275146484375,-0.021892655367231666,-0.03195751837964326
10,2021-01-11 00:00:00+05:30,1747.045919161782,1698.3282470703125,-0.027885742187500027,-0.06068581722602584
11,2021-01-12 00:00:00+05:30,1700.1252371651783,1677.1640625,-0.01350557839107442,0.003092668731733244
12,2021-01-13 00:00:00+05:30,1694.035563123208,1631.541259765625,-0.03689078595396511,0.004648940914571454
13,2021-01-14 00:00:00+05:30,1632.240016896095,1654.851806640625,0.013853225941322656,-0.009423045622996827
14,2021-01-15 00:00:00+05:30,1652.2062370139854,1628.3465576171875,-0.014441102364992426,0.043519695044472596
15,2021-01-18 00:00:00+05:30,1613.2720373215711,1591.5087890625,-0.013490129225324877,-0.008875365097834417
16,2021-01-19 00:00:00+05:30,1612.273738116359,1660.8914794921875,0.030154768527476748,-0.017151544744318185
17,2021-01-20 00:00:00+05:30,1670.675074778464,1663.0379638671875,-0.004571272431468593,0.028817764056727237
18,2021-01-21 00:00:00+05:30,1667.1809457740778,1675.8662109375,0.005209551599925211,-0.007846636476769846
19,2021-01-22 00:00:00+05:30,1693.137021951391,1639.028564453125,-0.03195751837964326,0.008863786088079912
20,2021-01-25 00:00:00+05:30,1686.997422725017,1584.62060546875,-0.06068581722602584,-0.020312471209831904
21,2021-01-27 00:00:00+05:30,1581.725434705898,1586.6171875,0.003092668731733244,-0.04301294290794522
22,2021-01-28 00:00:00+05:30,1578.3311329909714,1585.668701171875,0.004648940914571454,-0.012082589201009372
23,2021-01-29 00:00:00+05:30,1557.366665460683,1542.6915283203125,-0.009423045622996827,-0.03612092067378222
24,2021-02-01 00:00:00+05:30,1571.3430467858163,1639.7274169921875,0.043519695044472596,-0.012176788935658444
25,2021-02-02 00:00:00+05:30,1642.2231572410703,1627.6478271484375,-0.008875365097834417,-0.01637992702887902
26,2021-02-03 00:00:00+05:30,1647.2146786073822,1618.96240234375,-0.017151544744318185,0.012795306112170904
27,2021-02-04 00:00:00+05:30,1621.258567387881,1667.9796142578125,0.028817764056727237,-0.009799956295767904
28,2021-02-05 00:00:00+05:30,1692.138681083115,1678.861083984375,-0.007846636476769846,-0.024438872301667754
29,2021-02-08 00:00:00+05:30,1678.162359271661,1693.0372314453125,0.008863786088079912,-0.03897958868688454
30,2021-02-09 00:00:00+05:30,1693.1370365673877,1658.7452392578125,-0.020312471209831904,0.01176815720683308
31,2021-02-10 00:00:00+05:30,1693.1369851412746,1620.3101806640625,-0.04301294290794522,0.04531451177020351
32,2021-02-11 00:00:00+05:30,1644.2197027084064,1624.353271484375,-0.012082589201009372,0.014984709480122338
33,2021-02-12 00:00:00+05:30,1701.1235157321282,1639.6773681640625,-0.03612092067378222,-0.018058061455497473
34,2021-02-15 00:00:00+05:30,1660.1927453637431,1639.9769287109375,-0.012176788935658444,0.03708979839880021
35,2021-02-16 00:00:00+05:30,1636.4328240741215,1609.628173828125,-0.01637992702887902,0.11794634407324617
36,2021-02-17 00:00:00+05:30,1599.445493966837,1619.910888671875,0.012795306112170904,0.04817648494944848
37,2021-02-18 00:00:00+05:30,1604.4370358777887,1588.713623046875,-0.009799956295767904,0.028236652994605562
38,2021-02-19 00:00:00+05:30,1601.2923485600338,1562.1585693359375,-0.024438872301667754,-0.010113020285615905
39,2021-02-22 00:00:00+05:30,1571.2432414506693,1509.996826171875,-0.03897958868688454,-0.004988359876385671
40,2021-02-23 00:00:00+05:30,1509.9967227474058,1527.7666015625,0.01176815720683308,-0.010222584166300595
41,2021-02-24 00:00:00+05:30,1539.9461207304316,1609.72802734375,0.04531451177020351,-0.009935346510324758
42,2021-02-25 00:00:00+05:30,1632.2399666956585,1656.6986083984375,0.014984709480122338,-0.012111870701574793
43,2021-02-26 00:00:00+05:30,1650.2096209288743,1620.4100341796875,-0.018058061455497473,-0.019005314142059044
44,2021-03-01 00:00:00+05:30,1612.2737244330335,1672.0726318359375,0.03708979839880021,0.0160627871895758
45,2021-03-02 00:00:00+05:30,1510.845269334175,1689.0439453125,0.11794634407324617,0.0068644056791354
46,2021-03-03 00:00:00+05:30,1697.1303166847351,1778.89208984375,0.04817648494944848,0.036465058767531346
47,2021-03-04 00:00:00+05:30,1746.5467682853882,1795.8634033203125,0.028236652994605562,-0.03163560860648266
48,2021-03-05 00:00:00+05:30,1757.1287655693925,1739.35888671875,-0.010113020285615905,0.03432969540213608
49,2021-03-08 00:00:00+05:30,1711.1066607324892,1702.571044921875,-0.004988359876385671,0.0355055523085914
50,2021-03-09 00:00:00+05:30,1704.1184927685508,1686.697998046875,-0.010222584166300595,-0.00843821510297482
51,2021-03-10 00:00:00+05:30,1698.1285758987635,1681.257080078125,-0.009935346510324758,-0.03085481727473125
52,2021-03-12 00:00:00+05:30,1681.4568971219624,1661.09130859375,-0.012111870701574793,-0.013454422940722782
53,2021-03-15 00:00:00+05:30,1686.1488152681825,1654.10302734375,-0.019005314142059044,-0.015000405649983986
54,2021-03-16 00:00:00+05:30,1653.2045703601582,1679.7596435546875,0.0160627871895758,0.030636351583128232
55,2021-03-17 00:00:00+05:30,1679.759609728212,1691.2901611328125,0.0068644056791354,-0.015520389531345068
56,2021-03-18 00:00:00+05:30,1654.951651323925,1715.299560546875,0.036465058767531346,-0.04047031213741492
57,2021-03-19 00:00:00+05:30,1715.0999040915435,1660.8416748046875,-0.03163560860648266,0.015026286811001308
58,2021-03-22 00:00:00+05:30,1653.204607549481,1709.9586181640625,0.03432969540213608,0.0027272574206504765
59,2021-03-23 00:00:00+05:30,1708.1117057558074,1768.7591552734375,0.0355055523085914,0.011951807032697508
60,2021-03-24 00:00:00+05:30,1745.0493202798211,1730.32421875,-0.00843821510297482,0.007940370947340897
61,2021-03-25 00:00:00+05:30,1713.20309783508,1660.342529296875,-0.03085481727473125,-0.030658938377059207
62,2021-03-26 00:00:00+05:30,1632.3897418740837,1610.4268798828125,-0.013454422940722782,-0.0026089031483281593
63,2021-03-30 00:00:00+05:30,1607.2323055015954,1583.1231689453125,-0.015000405649983986,0.015962175916798153
64,2021-03-31 00:00:00+05:30,1583.6721273894584,1632.1900634765625,0.030636351583128232,-0.009843750000000118
65,2021-04-01 00:00:00+05:30,1640.2264852202472,1614.76953125,-0.015520389531345068,-0.014193548387096846
66,2021-04-05 00:00:00+05:30,1613.2720451028792,1547.982421875,-0.04047031213741492,0.019389795818979542
67,2021-04-06 00:00:00+05:30,1551.3267701854836,1574.637451171875,0.015026286811001308,0.004299658362174314
68,2021-04-07 00:00:00+05:30,1592.3075140008586,1596.650146484375,0.0027272574206504765,0.010745659113322443
69,2021-04-08 00:00:00+05:30,1616.2670388245965,1635.5843505859375,0.011951807032697508,0.019604666234607916
70,2021-04-09 00:00:00+05:30,1628.1469822463578,1641.0750732421875,0.007940370947340897,0.03883059944243492
71,2021-04-12 00:00:00+05:30,1636.23329086964,1586.068115234375,-0.030658938377059207,0.004298941454333528
72,2021-04-13 00:00:00+05:30,1607.1823630096058,1602.9893798828125,-0.0026089031483281593,-0.006276246950075131
73,2021-04-15 00:00:00+05:30,1582.324445945739,1607.581787109375,0.015962175916798153,0.0023475460889863216
74,2021-04-16 00:00:00+05:30,1597.299096575667,1581.57568359375,-0.009843750000000118,0.03881950306937079
75,2021-04-19 00:00:00+05:30,1547.3835171205212,1525.420654296875,-0.014193548387096846,-0.03164179104477621
76,2021-04-20 00:00:00+05:30,1521.427444796688,1550.9276123046875,0.019389795818979542,0.012768599648941096
77,2021-04-22 00:00:00+05:30,1532.4088461544247,1538.9976806640625,0.004299658362174314,0.002198809887989524
78,2021-04-23 00:00:00+05:30,1523.6236315183885,1539.9959716796875,0.010745659113322443,-0.015255269918355914
79,2021-04-26 00:00:00+05:30,1540.395302506257,1570.59423828125,0.019604666234607916,0.012032539910660518
80,2021-04-27 00:00:00+05:30,1575.9851909480856,1637.181640625,0.03883059944243492,0.0002686275652984822
81,2021-04-28 00:00:00+05:30,1637.1815788051035,1644.2197265625,0.004298941454333528,0.005233253588516731
82,2021-04-29 00:00:00+05:30,1662.189391174934,1651.757080078125,-0.006276246950075131,-0.0031176757812499466
83,2021-04-30 00:00:00+05:30,1637.231596610799,1641.0750732421875,0.0023475460889863216,-0.000762491981305044
84,2021-05-03 00:00:00+05:30,1598.2974177815372,1660.342529296875,0.03881950306937079,0.0053079465267595475
85,2021-05-04 00:00:00+05:30,1672.1724955868046,1619.261962890625,-0.03164179104477621,-0.025749725728986424
86,2021-05-05 00:00:00+05:30,1626.2501989987245,1647.01513671875,0.012768599648941096,-0.011750067110311138
87,2021-05-06 00:00:00+05:30,1657.197811869594,1660.8416748046875,0.002198809887989524,0.014902534084520263
88,2021-05-07 00:00:00+05:30,1662.1894237046763,1636.832275390625,-0.015255269918355914,-0.006019090829001116
89,2021-05-10 00:00:00+05:30,1655.2011576510176,1675.117431640625,0.012032539910660518,0.010464461392195803
90,2021-05-11 00:00:00+05:30,1672.1725124707784,1672.6217041015625,0.0002686275652984822,-0.0033526293804190615
91,2021-05-12 00:00:00+05:30,1669.177612068645,1677.912841796875,0.005233253588516731,0.0088115658967391
92,2021-05-14 00:00:00+05:30,1697.130335543185,1691.8392333984375,-0.0031176757812499466,0.01957406352323057
93,2021-05-17 00:00:00+05:30,1702.1218288550813,1700.823974609375,-0.000762491981305044,-0.015453513765922496
94,2021-05-18 00:00:00+05:30,1702.1218444784167,1711.1566162109375,0.0053079465267595475,-0.014011654251236088
95,2021-05-19 00:00:00+05:30,1731.0729445547795,1686.498291015625,-0.025749725728986424,0.009644263715469134
96,2021-05-20 00:00:00+05:30,1686.4982300801755,1666.6817626953125,-0.011750067110311138,-0.0024576133253883764
97,2021-05-21 00:00:00+05:30,1664.6851370673594,1689.4931640625,0.014902534084520263,-0.01195036706419101
98,2021-05-24 00:00:00+05:30,1691.7393735735366,1681.556640625,-0.006019090829001116,0.004928352771310914
99,2021-05-25 00:00:00+05:30,1698.1285588274773,1715.8985595703125,0.010464461392195803,0.0075141518802965815
100,2021-05-26 00:00:00+05:30,1727.079686811266,1721.2894287109375,-0.0033526293804190615,-0.002670402686022269
101,2021-05-27 00:00:00+05:30,1722.088036884568,1737.2623291015625,0.0088115658967391,-0.012541409487223595
102,2021-05-28 00:00:00+05:30,1739.159246586551,1773.20166015625,0.01957406352323057,-0.0027002062856745818
103,2021-05-31 00:00:00+05:30,1782.9851482278875,1755.4317626953125,-0.015453513765922496,-0.009230367444576013
104,2021-06-01 00:00:00+05:30,1766.9621644862978,1742.2041015625,-0.014011654251236088,0.006436172665472319
105,2021-06-02 00:00:00+05:30,1744.20068541404,1761.022216796875,0.009644263715469134,-0.022394366197183106
106,2021-06-03 00:00:00+05:30,1767.0121883643103,1762.6695556640625,-0.0024576133253883764,-0.0016072472238457332
107,2021-06-04 00:00:00+05:30,1771.0053505349767,1749.8411865234375,-0.01195036706419101,-0.004240013975369433
108,2021-06-07 00:00:00+05:30,1742.0543123099656,1750.6397705078125,0.004928352771310914,0.007444285563818888
109,2021-06-08 00:00:00+05:30,1767.012075740133,1780.2896728515625,0.0075141518802965815,-0.001045324522720669
110,2021-06-09 00:00:00+05:30,1794.4656519516338,1789.6737060546875,-0.002670402686022269,-0.007379402191676436
111,2021-06-10 00:00:00+05:30,1806.9445910210943,1784.282958984375,-0.012541409487223595,-0.01738373512445497
112,2021-06-11 00:00:00+05:30,1793.118033702748,1788.2762451171875,-0.0027002062856745818,0.011885274489534584
113,2021-06-14 00:00:00+05:30,1789.9732829929994,1773.451171875,-0.009230367444576013,0.0038292915198052105
114,2021-06-15 00:00:00+05:30,1775.996989029932,1787.4276123046875,0.006436172665472319,-0.006379296313757228
115,2021-06-16 00:00:00+05:30,1772.003700554225,1732.32080078125,-0.022394366197183106,-0.0021751740139210824
116,2021-06-17 00:00:00+05:30,1708.1116907808384,1705.3663330078125,-0.0016072472238457332,0.007894979495971411
117,2021-06-18 00:00:00+05:30,1707.013640598534,1699.77587890625,-0.004240013975369433,-0.007274812693959207
118,2021-06-21 00:00:00+05:30,1703.1201929885742,1715.7987060546875,0.007444285563818888,0.023297803850664545
119,2021-06-22 00:00:00+05:30,1719.093152807596,1717.296142578125,-0.001045324522720669,-0.0003389692575918345
120,2021-06-23 00:00:00+05:30,1718.094895070126,1705.4163818359375,-0.007379402191676436,0.01778276622731436
121,2021-06-24 00:00:00+05:30,1717.0964989632944,1687.2469482421875,-0.01738373512445497,0.008406355095894548
122,2021-06-25 00:00:00+05:30,1705.1167873055354,1725.382568359375,0.011885274489534584,-0.0025358162853454367
123,2021-06-28 00:00:00+05:30,1720.6405359044156,1727.2293701171875,0.0038292915198052105,-0.007424684289383595
124,2021-06-29 00:00:00+05:30,1737.0628057362103,1725.9815673828125,-0.006379296313757228,0.007371604409683915
125,2021-06-30 00:00:00+05:30,1721.0897390118623,1717.3460693359375,-0.0021751740139210824,-0.0033436433072434953
126,2021-07-01 00:00:00+05:30,1726.0313431318823,1739.6583251953125,0.007894979495971411,0.0021151968432805185
127,2021-07-02 00:00:00+05:30,1729.076264551936,1716.49755859375,-0.007274812693959207,-0.00827849538702724
128,2021-07-05 00:00:00+05:30,1714.0018473330333,1753.934326171875,0.023297803850664545,-0.024668521775725243
129,2021-07-06 00:00:00+05:30,1767.0121708115082,1766.4132080078125,-0.0003389692575918345,-0.04420659313463183
130,2021-07-07 00:00:00+05:30,1774.0003633221834,1805.5469970703125,0.01778276622731436,-0.00810888500347617
131,2021-07-08 00:00:00+05:30,1805.0978016232984,1820.2720947265625,0.008406355095894548,0.015852912454044174
132,2021-07-09 00:00:00+05:30,1810.9878402704203,1806.3955078125,-0.0025358162853454367,0.005549349939139527
133,2021-07-12 00:00:00+05:30,1821.9192651885205,1808.39208984375,-0.007424684289383595,-0.020853039082597686
134,2021-07-13 00:00:00+05:30,1807.9429455522973,1821.2703857421875,0.007371604409683915,-0.0017365415653070287
135,2021-07-14 00:00:00+05:30,1821.2703424537265,1815.1806640625,-0.0033436433072434953,-0.019831595506144876
136,2021-07-15 00:00:00+05:30,1817.077543823122,1820.9210205078125,0.0021151968432805185,-0.015741666289276417
137,2021-07-16 00:00:00+05:30,1820.920920991444,1805.846435546875,-0.00827849538702724,-0.0017697961479271069
138,2021-07-19 00:00:00+05:30,1806.9446485269036,1762.3699951171875,-0.024668521775725243,0.008653860825758579
139,2021-07-20 00:00:00+05:30,1749.0424757000226,1671.7232666015625,-0.04420659313463183,-0.01638468684011115
140,2021-07-22 00:00:00+05:30,1705.116756831459,1691.2901611328125,-0.00810888500347617,-0.01941546929506864
141,2021-07-23 00:00:00+05:30,1697.1303314711474,1724.0347900390625,0.015852912454044174,-0.014540406574792617
142,2021-07-26 00:00:00+05:30,1727.0296335985229,1736.613525390625,0.005549349939139527,0.008065034882678516
143,2021-07-27 00:00:00+05:30,1740.2074369364504,1703.9188232421875,-0.020853039082597686,-0.014106155496751017
144,2021-07-28 00:00:00+05:30,1667.180895523525,1664.2857666015625,-0.0017365415653070287,-0.0001829435278570048
145,2021-07-29 00:00:00+05:30,1683.8527144403297,1650.459228515625,-0.019831595506144876,0.021650067239085392
146,2021-07-30 00:00:00+05:30,1671.074416710847,1644.7689208984375,-0.015741666289276417,-0.005548946935274457
147,2021-08-02 00:00:00+05:30,1664.0862066395794,1661.14111328125,-0.0017697961479271069,0.0009467311159393238
148,2021-08-03 00:00:00+05:30,1661.1910562551109,1675.5667724609375,0.008653860825758579,0.007599039376663233
149,2021-08-04 00:00:00+05:30,1687.7460866024162,1660.0928955078125,-0.01638468684011115,-2.947863510756687e-05
150,2021-08-05 00:00:00+05:30,1678.8113407016688,1646.2164306640625,-0.01941546929506864,-0.010895522388059794
151,2021-08-06 00:00:00+05:30,1668.3789026830048,1644.1199951171875,-0.014540406574792617,0.004624595298423447
152,2021-08-09 00:00:00+05:30,1646.316152799753,1659.59375,0.008065034882678516,0.004362003315096408
153,2021-08-10 00:00:00+05:30,1659.5938383546556,1636.183349609375,-0.014106155496751017,0.009676441865808861
154,2021-08-11 00:00:00+05:30,1636.6824771069687,1636.383056640625,-0.0001829435278570048,0.009624291568822278
155,2021-08-12 00:00:00+05:30,1632.3397875533726,1667.6800537109375,0.021650067239085392,0.004779384146988171
156,2021-08-13 00:00:00+05:30,1682.155603312468,1672.8214111328125,-0.005548946935274457,0.01839362723165599
157,2021-08-16 00:00:00+05:30,1687.147232054181,1688.7445068359375,0.0009467311159393238,0.047967059795672624
158,2021-08-17 00:00:00+05:30,1688.1454709753352,1700.9737548828125,0.007599039376663233,0.003246217651511527
159,2021-08-18 00:00:00+05:30,1694.93399754397,1694.884033203125,-2.947863510756687e-05,0.007128045619491845
160,2021-08-20 00:00:00+05:30,1672.172439319616,1653.9532470703125,-0.010895522388059794,0.017782711749949127
161,2021-08-23 00:00:00+05:30,1662.189389537493,1669.8763427734375,0.004624595298423447,-0.006944444444444431
162,2021-08-24 00:00:00+05:30,1682.1555957772118,1689.4931640625,0.004362003315096408,-0.014419216579861342
163,2021-08-25 00:00:00+05:30,1697.130307475387,1713.552490234375,0.009676441865808861,-0.0067278038592632995
164,2021-08-26 00:00:00+05:30,1727.0796202580036,1743.7015380859375,0.009624291568822278,-0.012570973456859813
165,2021-08-27 00:00:00+05:30,1765.015484847531,1773.451171875,0.004779384146988171,-0.009936650019837434
166,2021-08-30 00:00:00+05:30,1782.935212717518,1815.7298583984373,0.01839362723165599,0.023828330700368525
167,2021-08-31 00:00:00+05:30,1816.9277617439477,1904.0804443359373,0.047967059795672624,0.013769218249198814
168,2021-09-01 00:00:00+05:30,1906.6759932506216,1912.865478515625,0.003246217651511527,0.0011886573525226967
169,2021-09-02 00:00:00+05:30,1925.7436702513755,1939.470458984375,0.007128045619491845,0.0981508757340081
170,2021-09-03 00:00:00+05:30,1928.389283641377,1962.6812744140625,0.017782711749949127,-0.013268048404073899
171,2021-09-06 00:00:00+05:30,1976.657574847028,1962.9307861328125,-0.006944444444444431,0.025963347548738573
172,2021-09-07 00:00:00+05:30,1976.657615987912,1948.15576171875,-0.014419216579861342,-0.03190269807798668
173,2021-09-08 00:00:00+05:30,1958.688044964568,1945.5103759765625,-0.0067278038592632995,0.01016804587971562
174,2021-09-09 00:00:00+05:30,1933.730258470712,1909.42138671875,-0.012570973456859813,-0.036441397452139666
175,2021-09-13 00:00:00+05:30,1913.9137652771456,1894.8958740234373,-0.009936650019837434,-0.03070824899522359
176,2021-09-14 00:00:00+05:30,1895.7944016360343,1940.968017578125,0.023828330700368525,-0.02396126834824932
177,2021-09-15 00:00:00+05:30,1946.7082881658453,1973.512939453125,0.013769218249198814,-0.012506118511977837
178,2021-09-16 00:00:00+05:30,1973.662658361926,1976.0086669921875,0.0011886573525226967,0.009964573940094515
179,2021-09-17 00:00:00+05:30,1997.622296081906,2193.690673828125,0.0981508757340081,-0.01726328817653964
180,2021-09-20 00:00:00+05:30,2193.291369888037,2164.190673828125,-0.013268048404073899,0.008906870235798156
181,2021-09-21 00:00:00+05:30,2176.31991262198,2232.824462890625,0.025963347548738573,-0.005252537582859939
182,2021-09-22 00:00:00+05:30,2256.184929585417,2184.20654296875,-0.03190269807798668,-0.023975733138119674
183,2021-09-23 00:00:00+05:30,2189.4477994025574,2211.710205078125,0.01016804587971562,0.012019742686429058
184,2021-09-24 00:00:00+05:30,2216.2525996507093,2135.4892578125,-0.036441397452139666,-0.003935008885504044
185,2021-09-27 00:00:00+05:30,2142.3775298148257,2076.5888671875,-0.03070824899522359,0.04787728780370851
186,2021-09-28 00:00:00+05:30,2068.6022216096485,2019.035888671875,-0.02396126834824932,-0.00978156524954501
187,2021-09-29 00:00:00+05:30,2031.564827410423,2006.1578369140625,-0.012506118511977837,-0.043957345971564
188,2021-09-30 00:00:00+05:30,1998.720322312745,2018.63671875,0.009964573940094515,0.028089378489454225
189,2021-10-01 00:00:00+05:30,2006.6570010095868,1972.0155029296875,-0.01726328817653964,-0.026966778361966807
190,2021-10-04 00:00:00+05:30,1972.6643537232276,1990.234619140625,0.008906870235798156,-0.022978184586864382
191,2021-10-05 00:00:00+05:30,1976.6576148950576,1966.275146484375,-0.005252537582859939,0.0011455282297441508
192,2021-10-06 00:00:00+05:30,1973.6626606229547,1926.3426513671875,-0.023975733138119674,0.008592604648919746
193,2021-10-07 00:00:00+05:30,1922.7487954391177,1945.8597412109373,0.012019742686429058,-0.007911535914465796
194,2021-10-08 00:00:00+05:30,1966.1753942091725,1958.4384765625,-0.003935008885504044,-0.0119365901862
195,2021-10-11 00:00:00+05:30,1951.699871327433,2045.1419677734373,0.04787728780370851,0.0007177798256614445
196,2021-10-12 00:00:00+05:30,2056.5226264689086,2036.4066162109373,-0.00978156524954501,-0.00509903407332934
197,2021-10-13 00:00:00+05:30,2106.438157415727,2013.8447265625,-0.043957345971564,-0.006567139886505082
198,2021-10-14 00:00:00+05:30,2011.598476372124,2068.10302734375,0.028089378489454225,0.06835775389667531
199,2021-10-18 00:00:00+05:30,2106.4381274601647,2049.63427734375,-0.026966778361966807,0.0033554956973098336
200,2021-10-19 00:00:00+05:30,2061.5141395360656,2014.144287109375,-0.022978184586864382,0.003686720975144835
201,2021-10-20 00:00:00+05:30,2004.4605477243608,2006.7567138671875,0.0011455282297441508,-0.006929829121730227
202,2021-10-21 00:00:00+05:30,2021.5816188911576,2038.9522705078125,0.008592604648919746,-0.003532087693520661
203,2021-10-22 00:00:00+05:30,2031.5647407685276,2015.491943359375,-0.007911535914465796,-0.0034562211981567404
204,2021-10-25 00:00:00+05:30,2015.5917635675105,1991.532470703125,-0.0119365901862,-0.014432776225125817
205,2021-10-26 00:00:00+05:30,2016.6400208914451,2018.0875244140625,0.0007177798256614445,-0.007531358052940385
206,2021-10-27 00:00:00+05:30,2016.5901570398744,2006.3074951171875,-0.00509903407332934,-0.0006052509870705126
207,2021-10-28 00:00:00+05:30,2006.606990090224,1993.4293212890625,-0.006567139886505082,0.06870014580306609
208,2021-10-29 00:00:00+05:30,2030.716289770522,2169.531494140625,0.06835775389667531,0.020360755174380595
209,2021-11-01 00:00:00+05:30,2171.8775574041715,2179.165283203125,0.0033554956973098336,0.006899908638991368
210,2021-11-02 00:00:00+05:30,2166.286941992773,2174.2734375,0.003686720975144835,-0.016012637625263698
211,2021-11-03 00:00:00+05:30,2175.32167782462,2160.2470703125,-0.006929829121730227,-0.03978242320819113
212,2021-11-04 00:00:00+05:30,2176.320009764276,2168.633056640625,-0.003532087693520661,-0.05015824942228741
213,2021-11-08 00:00:00+05:30,2166.3369490606938,2158.849609375,-0.0034562211981567404,0.007882593078189977
214,2021-11-09 00:00:00+05:30,2182.309776945813,2150.81298828125,-0.014432776225125817,-0.022468526785714035
215,2021-11-10 00:00:00+05:30,2147.368893067941,2131.1962890625,-0.007531358052940385,-0.03445067508277062
216,2021-11-11 00:00:00+05:30,2144.323977250705,2143.026123046875,-0.0006052509870705126,-0.05565002441406266
217,2021-11-12 00:00:00+05:30,2153.558516689263,2301.50830078125,0.06870014580306609,0.05305555555555545
218,2021-11-15 00:00:00+05:30,2297.115708207954,2343.88671875,0.020360755174380595,0.01075955337546702
219,2021-11-16 00:00:00+05:30,2343.88672193041,2360.059326171875,0.006899908638991368,-0.008137702444411725
220,2021-11-17 00:00:00+05:30,2365.999168557791,2328.11328125,-0.016012637625263698,0.020566541963134535
221,2021-11-18 00:00:00+05:30,2340.043275505387,2246.95068359375,-0.03978242320819113,-0.021148825065274143
222,2021-11-22 00:00:00+05:30,2271.958434391793,2158.0009765625,-0.05015824942228741,-0.012712288307789294
223,2021-11-23 00:00:00+05:30,2159.348606666566,2176.369873046875,0.007882593078189977,0.025197889182058224
224,2021-11-24 00:00:00+05:30,2183.807413889441,2134.740478515625,-0.022468526785714035,-0.0009547861377198657
225,2021-11-25 00:00:00+05:30,2141.4790108817087,2067.70361328125,-0.03445067508277062,0.014849270767901985
226,2021-11-26 00:00:00+05:30,1996.623886795892,1885.51171875,-0.05565002441406266,-0.002000000000000223
227,2021-11-29 00:00:00+05:30,1796.9615021597206,1892.30029296875,0.05305555555555545,-0.004977735922795853
228,2021-11-30 00:00:00+05:30,1883.5151025101068,1903.7808837890625,0.01075955337546702,-0.015381121030777866
229,2021-12-01 00:00:00+05:30,1913.7639491844932,1898.1903076171875,-0.008137702444411725,-0.004430379746835476
230,2021-12-02 00:00:00+05:30,1871.2359720531545,1909.7208251953125,0.020566541963134535,-0.008333333333333262
231,2021-12-03 00:00:00+05:30,1911.7673261046696,1871.335693359375,-0.021148825065274143,-0.006337043792774386
232,2021-12-06 00:00:00+05:30,1880.8196782549403,1856.91015625,-0.012712288307789294,-0.05486390731983417
233,2021-12-07 00:00:00+05:30,1891.8010653843212,1939.470458984375,0.025197889182058224,-0.007101020378231144
234,2021-12-08 00:00:00+05:30,1986.640713498253,1984.743896484375,-0.0009547861377198657,0.03353097098214279
235,2021-12-09 00:00:00+05:30,1986.64070341705,2016.140869140625,0.014849270767901985,0.02342855874594165
236,2021-12-10 00:00:00+05:30,1996.623862960296,1992.630615234375,-0.002000000000000223,-0.013239731401234994
237,2021-12-13 00:00:00+05:30,2015.5917995265083,2005.5587158203125,-0.004977735922795853,0.04790575916230357
238,2021-12-14 00:00:00+05:30,2005.5586782647165,1974.7109375,-0.015381121030777866,-0.0016457666939265702
239,2021-12-15 00:00:00+05:30,1971.666015314586,1962.9307861328125,-0.004430379746835476,0.00868476346793425
240,2021-12-16 00:00:00+05:30,1976.657694327731,1960.185546875,-0.008333333333333262,-0.017651464164908082
241,2021-12-17 00:00:00+05:30,1961.3335979178703,1948.904541015625,-0.006337043792774386,0.009084096303334618
242,2021-12-20 00:00:00+05:30,1920.6023395771288,1815.2305908203125,-0.05486390731983417,0.0029176935590709227
243,2021-12-21 00:00:00+05:30,1848.7238953908304,1835.5960693359373,-0.007101020378231144,-0.0011260121903578014
244,2021-12-22 00:00:00+05:30,1851.8686684619383,1913.963623046875,0.03353097098214279,-0.02146038395343424
245,2021-12-23 00:00:00+05:30,1921.750448709556,1966.7742919921875,0.02342855874594165,0.00040777208365182086
246,2021-12-24 00:00:00+05:30,1990.634024252386,1964.278564453125,-0.013239731401234994,0.02021717544766022
247,2021-12-27 00:00:00+05:30,1906.775795838668,1998.121337890625,0.04790575916230357,0.042897031368911764
248,2021-12-28 00:00:00+05:30,2001.7152547344667,1998.4208984375,-0.0016457666939265702,-0.005061112755959628
249,2021-12-29 00:00:00+05:30,1988.6373580468653,2005.908203125,0.00868476346793425,0.016239678746208998
250,2021-12-30 00:00:00+05:30,2010.6002680740512,1975.1102294921875,-0.017651464164908082,0.02159528459821429
251,2021-12-31 00:00:00+05:30,1994.6271964890927,2012.74658203125,0.009084096303334618,0.011565420560747535
252,2022-01-03 00:00:00+05:30,2001.6154658537916,2007.45556640625,0.0029176935590709227,-0.0012470906105657071
253,2022-01-04 00:00:00+05:30,2039.2019279482208,2036.90576171875,-0.0011260121903578014,-0.0305733496989678
254,2022-01-05 00:00:00+05:30,2016.5901534622012,1973.3133544921875,-0.02146038395343424,-0.01286804257181861
255,2022-01-06 00:00:00+05:30,1958.687996050564,1959.4866943359373,0.00040777208365182086,0.009925642290101178
256,2022-01-07 00:00:00+05:30,1962.8310169714048,2002.513916015625,0.02021717544766022,-0.008608435658509689
257,2022-01-10 00:00:00+05:30,1967.6727580971533,2052.080078125,0.042897031368911764,-0.049477257709443584
258,2022-01-11 00:00:00+05:30,2041.5479585163127,2031.2154541015625,-0.005061112755959628,-0.011683710932683545
259,2022-01-12 00:00:00+05:30,2053.2280140036146,2086.57177734375,0.016239678746208998,-0.03796487603305779
260,2022-01-13 00:00:00+05:30,2096.454973818057,2141.728515625,0.02159528459821429,-0.004504034538371511
261,2022-01-14 00:00:00+05:30,2136.387483398776,2161.095703125,0.011565420560747535,-0.008947649572649643
262,2022-01-17 00:00:00+05:30,2161.345295768293,2158.64990234375,-0.0012470906105657071,0.044908349746587584
263,2022-01-18 00:00:00+05:30,2176.3201106433453,2109.78271484375,-0.0305733496989678,-0.006838604035656196
264,2022-01-19 00:00:00+05:30,2102.4449764620194,2075.390625,-0.01286804257181861,-0.003135410296910332
265,2022-01-20 00:00:00+05:30,2066.90504998252,2087.42041015625,0.009925642290101178,0.009407446282728398
266,2022-01-21 00:00:00+05:30,2099.0507444494147,2080.981201171875,-0.008608435658509689,0.07911688580988054
267,2022-01-24 00:00:00+05:30,2091.3636080759243,1987.888671875,-0.049477257709443584,0.006959372119483821
268,2022-01-25 00:00:00+05:30,1986.590757029486,1963.3800048828125,-0.011683710932683545,0.01835115686510356
269,2022-01-27 00:00:00+05:30,1932.7318833892616,1859.35595703125,-0.03796487603305779,-0.009711708356430019
270,2022-01-28 00:00:00+05:30,1861.851787137408,1853.4659423828125,-0.004504034538371511,0.019684662690033855
271,2022-01-31 00:00:00+05:30,1868.839888492117,1852.1181640625,-0.008947649572649643,0.010844485463774568
272,2022-02-01 00:00:00+05:30,1865.096220860376,1948.8546142578125,0.044908349746587584,-0.015215441645408135
273,2022-02-02 00:00:00+05:30,1956.1422972567752,1942.7650146484373,-0.006838604035656196,-0.03392867108227685
274,2022-02-03 00:00:00+05:30,1942.2658256597356,1936.176025390625,-0.003135410296910332,-0.011515128751457106
275,2022-02-04 00:00:00+05:30,1952.598321336531,1970.96728515625,0.009407446282728398,0.004867516942771445
276,2022-02-07 00:00:00+05:30,2007.5554292385527,2166.386962890625,0.07911688580988054,0.017881797452278296
277,2022-02-08 00:00:00+05:30,2166.0872579629386,2181.161865234375,0.006959372119483821,-0.012995860226851435
278,2022-02-09 00:00:00+05:30,2208.6652155114025,2249.19677734375,0.01835115686510356,-0.08408295852073967
279,2022-02-10 00:00:00+05:30,2251.193501143244,2229.33056640625,-0.009711708356430019,0.01795754672994048
280,2022-02-11 00:00:00+05:30,2216.2524796122566,2259.878662109375,0.019684662690033855,-0.006753177966101648
281,2022-02-15 00:00:00+05:30,2163.341916131092,2186.80224609375,0.010844485463774568,-0.023162148965371505
282,2022-02-16 00:00:00+05:30,2201.2778383224504,2167.784423828125,-0.015215441645408135,-0.047575744124483364
283,2022-02-17 00:00:00+05:30,2227.383692100816,2151.8115234375,-0.03392867108227685,0.004834041251091971
284,2022-02-18 00:00:00+05:30,2141.379204511265,2116.720947265625,-0.011515128751457106,-0.03556948384857633
285,2022-02-21 00:00:00+05:30,2071.497274186617,2081.580322265625,0.004867516942771445,0.0050249676546844715
286,2022-02-22 00:00:00+05:30,2026.573239527315,2062.81201171875,0.017881797452278296,0.03087535348286487
287,2022-02-23 00:00:00+05:30,2062.5624639199414,2035.7576904296875,-0.012995860226851435,0.0040358470694366304
288,2022-02-24 00:00:00+05:30,1997.6222377574684,1829.65625,-0.08408295852073967,0.01748606079783504
289,2022-02-25 00:00:00+05:30,1881.8180050802775,1915.61083984375,0.01795754672994048,0.01604975073377075
290,2022-02-28 00:00:00+05:30,1884.812949940008,1872.08447265625,-0.006753177966101648,-0.01531311265945499
291,2022-03-02 00:00:00+05:30,1846.8771305225896,1804.0994873046875,-0.023162148965371505,0.01620323466744641
292,2022-03-03 00:00:00+05:30,1811.9361439481293,1725.73193359375,-0.047575744124483364,-0.00968670957082239
293,2022-03-04 00:00:00+05:30,1714.1015357100052,1722.3875732421875,0.004834041251091971,-0.042947509186330106
294,2022-03-07 00:00:00+05:30,1674.1690810653006,1614.6197509765625,-0.03556948384857633,0.010429252158434071
295,2022-03-08 00:00:00+05:30,1589.3626253100028,1597.34912109375,0.0050249676546844715,-0.015422684112879394
296,2022-03-09 00:00:00+05:30,1657.0979884599303,1708.261474609375,0.03087535348286487,0.029668439722307642
297,2022-03-10 00:00:00+05:30,1780.9884724241167,1788.17626953125,0.0040358470694366304,0.03114937674425013
298,2022-03-11 00:00:00+05:30,1786.978373454852,1818.2255859375,0.01748606079783504,-0.0061519110957278375
299,2022-03-14 00:00:00+05:30,1806.9445470703988,1835.945556640625,0.01604975073377075,-0.016950413413088516
300,2022-03-15 00:00:00+05:30,1858.0082867008257,1829.556396484375,-0.01531311265945499,-0.00030082258298091735
301,2022-03-16 00:00:00+05:30,1866.843263598509,1897.0921630859373,0.01620323466744641,0.008187268696012693
302,2022-03-17 00:00:00+05:30,1911.767392726876,1893.2486572265625,-0.00968670957082239,-0.009876213451423288
303,2022-03-21 00:00:00+05:30,1893.2985404424944,1811.986083984375,-0.042947509186330106,0.006474712964482572
304,2022-03-22 00:00:00+05:30,1813.932746001324,1832.8507080078125,0.010429252158434071,-0.0035087719298246174
305,2022-03-23 00:00:00+05:30,1857.758680958444,1829.1070556640625,-0.015422684112879394,-0.0027204153219458236
306,2022-03-24 00:00:00+05:30,1801.903138323949,1855.36279296875,0.029668439722307642,0.0003788644217264334
307,2022-03-25 00:00:00+05:30,1876.4770112117772,1934.9281005859373,0.03114937674425013,-0.001122362475584103
308,2022-03-28 00:00:00+05:30,1971.6661358720924,1959.53662109375,-0.0061519110957278375,-0.009527375330379336
309,2022-03-29 00:00:00+05:30,1993.6288935075436,1959.8360595703125,-0.016950413413088516,-0.03606556164229365
310,2022-03-30 00:00:00+05:30,1991.083215725572,1990.4842529296875,-0.00030082258298091735,-0.02069142187096887
311,2022-03-31 00:00:00+05:30,1993.6289183109595,2009.9512939453125,0.008187268696012693,-0.00921076894115333
312,2022-04-01 00:00:00+05:30,2016.5901024205327,1996.673828125,-0.009876213451423288,-0.027604166666666714
313,2022-04-04 00:00:00+05:30,1996.7236430108587,2009.65185546875,0.006474712964482572,0.0015345022059600083
314,2022-04-05 00:00:00+05:30,1991.6323487187776,1984.6441650390625,-0.0035087719298246174,0.011047395086959177
315,2022-04-06 00:00:00+05:30,1981.6492096539143,1976.25830078125,-0.0027204153219458236,0.027666804769319417
316,2022-04-07 00:00:00+05:30,1976.2583461026468,1977.007080078125,0.0003788644217264334,-0.008297859354222059
317,2022-04-08 00:00:00+05:30,2001.3159040209,1999.0697021484373,-0.001122362475584103,-0.008480640178598767
318,2022-04-11 00:00:00+05:30,2006.6069554173105,1987.4892578125,-0.009527375330379336,-0.032297297297297134
319,2022-04-12 00:00:00+05:30,2009.6019341513584,1937.12451171875,-0.03606556164229365,0.009565204122792164
320,2022-04-13 00:00:00+05:30,1934.7285741970288,1894.6962890625,-0.02069142187096887,-0.002759483619633614
321,2022-04-18 00:00:00+05:30,1896.7426753200732,1879.272216796875,-0.00921076894115333,-0.03990511430365325
322,2022-04-19 00:00:00+05:30,1916.7589213979647,1863.848388671875,-0.027604166666666714,-0.024219151327054683
323,2022-04-20 00:00:00+05:30,1886.609997679587,1889.5050048828125,0.0015345022059600083,-0.014172769952533856
324,2022-04-21 00:00:00+05:30,1915.7606400053155,1936.9248046875,0.011047395086959177,-0.02111113893340463
325,2022-04-22 00:00:00+05:30,1861.9016804875337,1913.41455078125,0.027666804769319417,-0.01677454498278867
326,2022-04-25 00:00:00+05:30,1876.826449527652,1861.2528076171875,-0.008297859354222059,-0.00806262517073975
327,2022-04-26 00:00:00+05:30,1883.465301077628,1867.4923095703125,-0.008480640178598767,-0.01307504575419941
328,2022-04-27 00:00:00+05:30,1846.8770421761535,1787.2279052734375,-0.032297297297297134,-0.02761675687007611
329,2022-04-28 00:00:00+05:30,1836.893967645978,1854.4642333984373,0.009565204122792164,0.013808970500995053
330,2022-04-29 00:00:00+05:30,1863.149631670772,1858.00830078125,-0.002759483619633614,0.01143200962695544
331,2022-05-04 00:00:00+05:30,1873.781522475066,1799.008056640625,-0.03990511430365325,0.005429153912605804
332,2022-05-05 00:00:00+05:30,1821.9192841612812,1777.7939453125,-0.024219151327054683,-0.007432806669775912
333,2022-05-06 00:00:00+05:30,1768.010486761919,1742.952880859375,-0.014172769952533856,-0.01076098429603887
334,2022-05-09 00:00:00+05:30,1752.0374324099444,1715.0499267578125,-0.02111113893340463,0.023517913083067728
335,2022-05-10 00:00:00+05:30,1719.9416934053645,1691.0904541015625,-0.01677454498278867,-0.03020348358791444
336,2022-05-11 00:00:00+05:30,1690.142119110417,1676.51513671875,-0.00806262517073975,-0.024288227266829814
337,2022-05-12 00:00:00+05:30,1649.2113408889045,1627.6478271484375,-0.01307504575419941,0.09673910094919981
338,2022-05-13 00:00:00+05:30,1670.0760641092256,1623.9539794921875,-0.02761675687007611,0.004828651905461573
339,2022-05-16 00:00:00+05:30,1630.2433882361547,1652.75537109375,0.013808970500995053,-0.009790261521635433
340,2022-05-17 00:00:00+05:30,1659.1944268548298,1678.162353515625,0.01143200962695544,0.01839332474896114
341,2022-05-18 00:00:00+05:30,1682.5049480455275,1691.6395263671875,0.005429153912605804,-0.012891878695101314
342,2022-05-19 00:00:00+05:30,1672.1724649237383,1659.7435302734375,-0.007432806669775912,0.0009586677514092196
343,2022-05-20 00:00:00+05:30,1679.1607308489406,1661.09130859375,-0.01076098429603887,-0.011335176473092706
344,2022-05-23 00:00:00+05:30,1683.1039200179962,1722.68701171875,0.023517913083067728,0.011058026608153996
345,2022-05-24 00:00:00+05:30,1731.9713585415088,1679.6597900390625,-0.03020348358791444,0.008452265484273132
346,2022-05-25 00:00:00+05:30,1683.153895631203,1642.2730712890625,-0.024288227266829814,-0.009725247896634568
347,2022-05-26 00:00:00+05:30,1653.204514760077,1813.134033203125,0.09673910094919981,0.004703719405351278
348,2022-05-27 00:00:00+05:30,1809.0410157693348,1817.7762451171875,0.004828651905461573,0.014165497896213079
349,2022-05-30 00:00:00+05:30,1825.2636068854572,1807.393798828125,-0.009790261521635433,-0.005637366103045262
350,2022-05-31 00:00:00+05:30,1801.9530168076124,1835.096923828125,0.01839332474896114,0.01113912389401782
351,2022-06-01 00:00:00+05:30,1846.877098328917,1823.0673828125,-0.012891878695101314,-0.007606043087902843
352,2022-06-02 00:00:00+05:30,1822.36843266804,1824.115478515625,0.0009586677514092196,-0.04657969599184774
353,2022-06-03 00:00:00+05:30,1831.9023880215796,1811.137451171875,-0.011335176473092706,-0.02483580631996279
354,2022-06-06 00:00:00+05:30,1796.5621567348114,1816.4285888671875,0.011058026608153996,-0.05409033918555387
355,2022-06-07 00:00:00+05:30,1801.204331664536,1816.4285888671875,0.008452265484273132,0.03952242775116103
356,2022-06-08 00:00:00+05:30,1816.9277633384315,1799.2576904296875,-0.009725247896634568,0.025686632685817945
357,2022-06-09 00:00:00+05:30,1782.7855417003618,1791.1712646484375,0.004703719405351278,-0.02438436972128368
358,2022-06-10 00:00:00+05:30,1779.490988405228,1804.6983642578125,0.014165497896213079,-0.028568918341696854
359,2022-06-13 00:00:00+05:30,1762.020557306378,1752.08740234375,-0.005637366103045262,-0.011732552479103438
360,2022-06-14 00:00:00+05:30,1720.7404182757573,1739.907958984375,0.01113912389401782,0.017267111073369614
361,2022-06-15 00:00:00+05:30,1745.648202987304,1732.3707275390625,-0.007606043087902843,-0.007305110137546091
362,2022-06-16 00:00:00+05:30,1722.0881204170748,1641.873779296875,-0.04657969599184774,-0.005296203975045394
363,2022-06-17 00:00:00+05:30,1672.1724513301249,1630.6427001953125,-0.02483580631996279,0.02521659225158137
364,2022-06-20 00:00:00+05:30,1635.2349595062035,1546.7845458984375,-0.05409033918555387,0.01867283950617298
365,2022-06-21 00:00:00+05:30,1563.556149612374,1625.3516845703125,0.03952242775116103,-0.0015937570875947588
366,2022-06-22 00:00:00+05:30,1601.2423994490812,1642.3729248046875,0.025686632685817945,0.010720905993480077
367,2022-06-23 00:00:00+05:30,1662.189399857294,1621.657958984375,-0.02438436972128368,0.0057966706302022015
368,2022-06-24 00:00:00+05:30,1675.5667618307414,1627.6976318359375,-0.028568918341696854,-0.0009234451062136059
369,2022-06-27 00:00:00+05:30,1642.2231578585368,1622.9556884765625,-0.011732552479103438,0.01684687617304802
370,2022-06-28 00:00:00+05:30,1607.2821587587794,1635.0352783203125,0.017267111073369614,-0.00303836248617268
371,2022-06-29 00:00:00+05:30,1626.250175903995,1614.3702392578125,-0.007305110137546091,0.011401963691644777
372,2022-06-30 00:00:00+05:30,1611.6248494024371,1603.08935546875,-0.005296203975045394,0.014474001362472247
373,2022-07-01 00:00:00+05:30,1607.3322065944117,1647.8636474609375,0.02521659225158137,-0.001008148321548439
374,2022-07-04 00:00:00+05:30,1617.2652980490643,1647.4642333984375,0.01867283950617298,0.005208900047876053
375,2022-07-05 00:00:00+05:30,1628.5961970834942,1626.0006103515625,-0.0015937570875947588,-0.001179761565133342
376,2022-07-06 00:00:00+05:30,1638.8788307999764,1656.4490966796875,0.010720905993480077,-0.010308136926645641
377,2022-07-07 00:00:00+05:30,1679.1606239667226,1688.8941650390625,0.0057966706302022015,0.028873239436619687
378,2022-07-08 00:00:00+05:30,1675.7164995837545,1674.1690673828125,-0.0009234451062136059,-0.0069474568773934195
379,2022-07-11 00:00:00+05:30,1662.1893189687332,1690.1920166015625,0.01684687617304802,0.0005508731190998894
380,2022-07-12 00:00:00+05:30,1692.1387674759349,1686.9974365234375,-0.00303836248617268,-0.019517740620587237
381,2022-07-13 00:00:00+05:30,1716.098270956077,1735.6651611328125,0.011401963691644777,0.0024599759462882276
382,2022-07-14 00:00:00+05:30,1734.6668438018762,1759.7744140625,0.014474001362472247,0.026908105196727063
383,2022-07-15 00:00:00+05:30,1782.4859750877183,1780.68896484375,-0.001008148321548439,0.005322593771001204
384,2022-07-18 00:00:00+05:30,1791.9698851280018,1801.3040771484375,0.005208900047876053,0.005664906603224566
385,2022-07-19 00:00:00+05:30,1776.9952343898958,1774.8988037109375,-0.001179761565133342,0.030019620129809462
386,2022-07-20 00:00:00+05:30,1781.9867613894346,1763.6177978515625,-0.010308136926645641,0.012948717948717908
387,2022-07-21 00:00:00+05:30,1772.0036291896604,1823.1671142578125,0.028873239436619687,-0.019630598805243385
388,2022-07-22 00:00:00+05:30,1824.9142306961403,1812.2357177734373,-0.0069474568773934195,0.034294234592445225
389,2022-07-25 00:00:00+05:30,1812.23569685819,1813.2340087890625,0.0005508731190998894,-0.006967803940413206
390,2022-07-26 00:00:00+05:30,1813.2339805161491,1777.84375,-0.019517740620587237,-0.014910573023652677
391,2022-07-27 00:00:00+05:30,1765.3150822039086,1769.65771484375,0.0024599759462882276,-0.024250656775475762
392,2022-07-28 00:00:00+05:30,1791.9699603597646,1840.1884765625,0.026908105196727063,-0.002874157001052903
393,2022-07-29 00:00:00+05:30,1856.860217645378,1866.7435302734373,0.005322593771001204,0.016055813640144256
394,2022-08-01 00:00:00+05:30,1876.826449546607,1887.45849609375,0.005664906603224566,-0.011734986822289115
395,2022-08-02 00:00:00+05:30,1883.9144751686988,1940.4688720703125,0.030019620129809462,-0.0041112632131648594
396,2022-08-03 00:00:00+05:30,1946.7082730578013,1971.9156494140625,0.012948717948717908,-0.01845386533665847
397,2022-08-04 00:00:00+05:30,2021.481849372424,1981.7989501953125,-0.019630598805243385,0.005267028996085735
398,2022-08-05 00:00:00+05:30,2008.6035395580552,2077.487060546875,0.034294234592445225,0.03844557055537556
399,2022-08-08 00:00:00+05:30,2077.4872425447616,2063.01171875,-0.006967803940413206,0.0025953413191582937
400,2022-08-10 00:00:00+05:30,2065.5073711445943,2034.70947265625,-0.014910573023652677,-0.0001265406306333292
401,2022-08-11 00:00:00+05:30,2066.555639129132,2016.4403076171875,-0.024250656775475762,-0.00010124109968356876
402,2022-08-12 00:00:00+05:30,2014.593480612829,2008.80322265625,-0.002874157001052903,0.027360195696756413
403,2022-08-16 00:00:00+05:30,2033.2120596727505,2065.85693359375,0.016055813640144256,0.032980833026331494
404,2022-08-17 00:00:00+05:30,2071.497225060367,2047.188232421875,-0.011734986822289115,0.016782574760872845
405,2022-08-18 00:00:00+05:30,2027.571598297576,2019.2357177734373,-0.0041112632131648594,-0.0024102431943248035
406,2022-08-19 00:00:00+05:30,2001.615397445555,1964.6778564453125,-0.01845386533665847,-0.0016543283254596038
407,2022-08-22 00:00:00+05:30,1961.732925486387,1972.0654296875,0.005267028996085735,0.0008663366336633148
408,2022-08-23 00:00:00+05:30,1926.7420741087776,2000.8167724609373,0.03844557055537556,-0.02508601908015999
409,2022-08-24 00:00:00+05:30,1961.73297417528,1966.8243408203125,0.0025953413191582937,0.007554150362157856
410,2022-08-25 00:00:00+05:30,1972.3150076723784,1972.0654296875,-0.0001265406306333292,-0.011196331500032035
411,2022-08-26 00:00:00+05:30,1971.6660443025964,1971.4664306640625,-0.00010124109968356876,-0.0035160542027535074
412,2022-08-29 00:00:00+05:30,1902.8325385468888,1954.8944091796875,0.027360195696756413,-0.004538447049058795
413,2022-08-30 00:00:00+05:30,1949.353828475376,2013.6451416015625,0.032980833026331494,0.006859977132550538
414,2022-09-01 00:00:00+05:30,2001.665444945816,2035.258544921875,0.016782574760872845,-0.004083838297975769
415,2022-09-02 00:00:00+05:30,2029.5681444090428,2024.6763916015625,-0.0024102431943248035,-0.039166429424914356
416,2022-09-05 00:00:00+05:30,2021.631673987236,2018.2872314453125,-0.0016543283254596038,0.0026415268957580905
417,2022-09-06 00:00:00+05:30,2016.5901123137444,2018.337158203125,0.0008663366336633148,0.030005383478649256
418,2022-09-07 00:00:00+05:30,2031.564826139556,1980.6009521484373,-0.02508601908015999,-0.007425833601403493
419,2022-09-08 00:00:00+05:30,1922.848657624444,1937.3741455078125,0.007554150362157856,-0.007928118393234665
420,2022-09-09 00:00:00+05:30,1952.6981386880595,1930.8350830078125,-0.011196331500032035,-0.011676199490103827
421,2022-09-12 00:00:00+05:30,1930.735224975617,1923.9466552734373,-0.0035160542027535074,0.004396344470739306
422,2022-09-13 00:00:00+05:30,1935.726844174352,1926.941650390625,-0.004538447049058795,-0.007707167623274275
423,2022-09-14 00:00:00+05:30,1891.851046644328,1904.8291015625,0.006859977132550538,-0.008023990814341915
424,2022-09-15 00:00:00+05:30,1906.7258469515837,1898.9390869140625,-0.004083838297975769,-0.0020207822554115557
425,2022-09-16 00:00:00+05:30,1906.5761229112295,1831.90234375,-0.039166429424914356,0.022065466890938263
426,2022-09-19 00:00:00+05:30,1832.9506919174516,1837.79248046875,0.0026415268957580905,-0.043739997648341716
427,2022-09-20 00:00:00+05:30,1849.872053477108,1905.378173828125,0.030005383478649256,0.003387533875338764
428,2022-09-21 00:00:00+05:30,1888.8561655668595,1874.829833984375,-0.007425833601403493,-0.02404661584711852
429,2022-09-22 00:00:00+05:30,1888.8062223211907,1873.83154296875,-0.007928118393234665,-0.012176026589745372
430,2022-09-23 00:00:00+05:30,1863.898381163686,1842.1351318359373,-0.011676199490103827,-0.0005065734293028617
431,2022-09-26 00:00:00+05:30,1827.9591453171847,1835.9954833984373,0.004396344470739306,-0.008380252574941504
432,2022-09-27 00:00:00+05:30,1858.7570263873688,1844.4312744140625,-0.007707167623274275,-0.012824537507974047
433,2022-09-28 00:00:00+05:30,1828.9074362736287,1814.2322998046875,-0.008023990814341915,-0.006695825870802816
434,2022-09-29 00:00:00+05:30,1827.8592328468771,1824.16552734375,-0.0020207822554115557,-0.003666828409252443
435,2022-09-30 00:00:00+05:30,1811.9861846941683,1851.968505859375,0.022065466890938263,0.008121110003337493
436,2022-10-03 00:00:00+05:30,1873.8315027093977,1791.8701171875,-0.043739997648341716,0.01837144252232147
437,2022-10-04 00:00:00+05:30,1841.8855503038487,1848.125,0.003387533875338764,-0.0005050642054222366
438,2022-10-06 00:00:00+05:30,1859.90508720666,1815.1806640625,-0.02404661584711852,0.01271962847316897
439,2022-10-07 00:00:00+05:30,1811.986131156967,1789.92333984375,-0.012176026589745372,-0.0032493270745799245
440,2022-10-10 00:00:00+05:30,1773.4512397215196,1772.5528564453125,-0.0005065734293028617,0.00025066917653204345
441,2022-10-11 00:00:00+05:30,1780.938508466703,1766.0137939453125,-0.008380252574941504,-0.01676291993354755
442,2022-10-12 00:00:00+05:30,1767.0621453874423,1744.400390625,-0.012824537507974047,-0.019175346609361776
443,2022-10-13 00:00:00+05:30,1744.4002933869338,1732.7200927734375,-0.006695825870802816,0.012843407817129926
444,2022-10-14 00:00:00+05:30,1756.030738203051,1749.5916748046875,-0.003666828409252443,0.011008043057743099
445,2022-10-17 00:00:00+05:30,1727.129673718764,1741.1558837890625,0.008121110003337493,0.025521154269366093
446,2022-10-18 00:00:00+05:30,1747.0458491607824,1779.1416015625,0.01837144252232147,-0.005922865013774239
447,2022-10-19 00:00:00+05:30,1778.9918889138894,1778.0933837890625,-0.0005050642054222366,0.0067831759408621154
448,2022-10-20 00:00:00+05:30,1758.077241712965,1780.4393310546875,0.01271962847316897,-0.0007226909836461255
449,2022-10-21 00:00:00+05:30,1781.9867911300878,1776.196533203125,-0.0032493270745799245,0.0023387666760179907
450,2022-10-24 00:00:00+05:30,1791.969875769683,1792.4190673828125,0.00025066917653204345,-0.03357702540600396
451,2022-10-25 00:00:00+05:30,1789.6239568895608,1759.6246337890625,-0.01676291993354755,-0.014697830322296086
452,2022-10-27 00:00:00+05:30,1767.5112940429858,1733.61865234375,-0.019175346609361776,0.026715087890625072
453,2022-10-28 00:00:00+05:30,1737.262338334677,1759.57470703125,0.012843407817129926,0.003388586065722093
454,2022-10-31 00:00:00+05:30,1759.3750334474053,1778.7423095703125,0.011008043057743099,0.010343841931193549
455,2022-11-01 00:00:00+05:30,1772.0037147518044,1817.227294921875,0.025521154269366093,-0.024737423991155454
456,2022-11-02 00:00:00+05:30,1811.936199224704,1801.204345703125,-0.005922865013774239,-0.013015273194875736
457,2022-11-03 00:00:00+05:30,1788.1762718674606,1800.3057861328125,0.0067831759408621154,0.014090119445507353
458,2022-11-04 00:00:00+05:30,1795.8634060492243,1794.5655517578125,-0.0007226909836461255,0.010056040728384997
459,2022-11-07 00:00:00+05:30,1771.4545153910094,1775.5975341796875,0.0023387666760179907,0.015608829637729428
460,2022-11-09 00:00:00+05:30,1774.9985867038772,1715.3994140625,-0.03357702540600396,0.03924151262803448
461,2022-11-10 00:00:00+05:30,1732.0212860313818,1706.5643310546875,-0.014697830322296086,-0.00842489564936547
462,2022-11-11 00:00:00+05:30,1717.096488464305,1762.9688720703125,0.026715087890625072,0.0010760487678911532
463,2022-11-14 00:00:00+05:30,1767.6610074474931,1773.65087890625,0.003388586065722093,0.0017015706806282733
464,2022-11-15 00:00:00+05:30,1771.0053415084496,1789.3243408203125,0.010343841931193549,-0.001697127937336871
465,2022-11-16 00:00:00+05:30,1805.946310165771,1761.2718505859375,-0.024737423991155454,0.016457543799749
466,2022-11-17 00:00:00+05:30,1768.0104060239094,1744.999267578125,-0.013015273194875736,-0.0016195081540242354
467,2022-11-18 00:00:00+05:30,1753.584870536617,1778.2930908203125,0.014090119445507353,-0.009130660856278729
468,2022-11-21 00:00:00+05:30,1772.0536910660053,1789.87353515625,0.010056040728384997,0.003948603104003368
469,2022-11-22 00:00:00+05:30,1787.6272599406996,1815.530029296875,0.015608829637729428,-0.0001294029381290782
470,2022-11-23 00:00:00+05:30,1818.974333420328,1890.3536376953125,0.03924151262803448,0.01659791297519335
471,2022-11-24 00:00:00+05:30,1907.7740915895172,1891.7012939453125,-0.00842489564936547,0.02786188577367304
472,2022-11-25 00:00:00+05:30,1901.834148941673,1903.880615234375,0.0010760487678911532,-0.016321011766975323
473,2022-11-28 00:00:00+05:30,1906.775749961208,1910.020263671875,0.0017015706806282733,0.030124484120549914
474,2022-11-29 00:00:00+05:30,1911.767340912388,1908.5228271484373,-0.001697127937336871,-0.014011984880699482
475,2022-11-30 00:00:00+05:30,1901.68439115182,1932.9814453125,0.016457543799749,-0.007483849672221264
476,2022-12-01 00:00:00+05:30,1941.7666551734533,1938.6219482421875,-0.0016195081540242354,0.003913150417420292
477,2022-12-02 00:00:00+05:30,1929.7869784721672,1912.166748046875,-0.009130660856278729,-0.025012419064050998
478,2022-12-05 00:00:00+05:30,1908.822436941128,1916.359619140625,0.003948603104003368,0.02906091370558382
479,2022-12-06 00:00:00+05:30,1928.688664894036,1928.4390869140625,-0.0001294029381290782,0.012168816893093676
480,2022-12-07 00:00:00+05:30,1936.725132335685,1968.8707275390625,0.01659791297519335,-0.0227983793198311
481,2022-12-08 00:00:00+05:30,1961.7329242750816,2016.3905029296875,0.02786188577367304,-0.006206017882380707
482,2022-12-09 00:00:00+05:30,2021.581660411223,1988.58740234375,-0.016321011766975323,-0.008263795333727793
483,2022-12-12 00:00:00+05:30,1991.6822633471188,2051.6806640625,0.030124484120549914,0.03158585414745792
484,2022-12-13 00:00:00+05:30,2055.474371519522,2026.673095703125,-0.014011984880699482,0.03739129185981467
485,2022-12-14 00:00:00+05:30,2027.621558490586,2012.4471435546875,-0.007483849672221264,-0.00039703670317768266
486,2022-12-15 00:00:00+05:30,2002.6637637382253,2010.50048828125,0.003913150417420292,0.00829583987303224
487,2022-12-16 00:00:00+05:30,2011.598514365879,1961.2835693359373,-0.025012419064050998,-0.011402769628867042
488,2022-12-19 00:00:00+05:30,1966.6745222804136,2023.827880859375,0.02906091370558382,0.018111597202759025
489,2022-12-20 00:00:00+05:30,2034.5596868069265,2059.31787109375,0.012168816893093676,0.014396514406682244
490,2022-12-21 00:00:00+05:30,2058.0700763294526,2011.1494140625,-0.0227983793198311,-0.02021117665149753
491,2022-12-22 00:00:00+05:30,1986.6407736751069,1974.3116455078125,-0.006206017882380707,0.013084214879697019
492,2022-12-23 00:00:00+05:30,1926.8418499304744,1910.9188232421875,-0.008263795333727793,-0.005461839979116372
493,2022-12-26 00:00:00+05:30,1894.796024520924,1954.644775390625,0.03158585414745792,0.0012611517448688826
494,2022-12-27 00:00:00+05:30,1951.6998142251248,2024.6763916015625,0.03739129185981467,0.012103636336168547
495,2022-12-28 00:00:00+05:30,2011.6485518245936,2010.849853515625,-0.00039703670317768266,0.03670536050472864
496,2022-12-29 00:00:00+05:30,1997.622138409803,2014.194091796875,0.00829583987303224,-0.006934102931887229
497,2022-12-30 00:00:00+05:30,2026.772810755787,2003.6619873046875,-0.011402769628867042,0.0034377297554983107
498,2023-01-02 00:00:00+05:30,2003.612020892612,2039.900634765625,0.018111597202759025,0.012168381198448722
499,2023-01-03 00:00:00+05:30,2007.505533871068,2036.4066162109373,0.014396514406682244,-0.010617371149295103
500,2023-01-04 00:00:00+05:30,2037.50470841025,1996.3243408203125,-0.02021117665149753,-0.0037763342948642937
501,2023-01-05 00:00:00+05:30,2006.6569449286544,2032.9124755859373,0.013084214879697019,0.022137738768283958
502,2023-01-06 00:00:00+05:30,2028.8694461911143,2017.7880859375,-0.005461839979116372,-0.016386151735810914
503,2023-01-09 00:00:00+05:30,2018.58670214748,2021.1324462890625,0.0012611517448688826,0.008772949165977165
504,2023-01-10 00:00:00+05:30,2016.640028528419,2041.0487060546875,0.012103636336168547,-0.007547771881704767
505,2023-01-11 00:00:00+05:30,2028.969309419719,2103.443359375,0.03670536050472864,0.009177577363710717
506,2023-01-12 00:00:00+05:30,2116.37142637509,2101.6962890625,-0.006934102931887229,-0.0007640250293383987
507,2023-01-13 00:00:00+05:30,2105.389923958357,2112.627685546875,0.0034377297554983107,0.002342867757410261
508,2023-01-16 00:00:00+05:30,2071.547261918251,2096.754638671875,0.012168381198448722,0.04047305489553596
509,2023-01-17 00:00:00+05:30,2101.496696568359,2079.184326171875,-0.010617371149295103,-0.018462334909796076
510,2023-01-18 00:00:00+05:30,2088.418549010534,2080.531982421875,-0.0037763342948642937,0.01951989171423006
511,2023-01-19 00:00:00+05:30,2072.1461682653658,2118.018798828125,0.022137738768283958,-0.02117582190709926
512,2023-01-20 00:00:00+05:30,2132.3442365251835,2097.4033203125,-0.016386151735810914,-0.056153122685448975
513,2023-01-23 00:00:00+05:30,2099.499895316291,2117.918701171875,0.008772949165977165,-0.017014173441108154
514,2023-01-24 00:00:00+05:30,2109.6327434989803,2093.709716796875,-0.007547771881704767,0.007777777777777688
515,2023-01-25 00:00:00+05:30,2088.5184950920025,2107.68603515625,0.009177577363710717,0.004234250943692747
516,2023-01-27 00:00:00+05:30,2090.764632838069,2089.167236328125,-0.0007640250293383987,0.005590983134868777
517,2023-01-30 00:00:00+05:30,2066.5557939988507,2071.3974609375,0.002342867757410261,-0.005509771491859963
518,2023-01-31 00:00:00+05:30,2038.6528224809156,2121.163330078125,0.04047305489553596,-0.01036576822659542
519,2023-02-01 00:00:00+05:30,2122.36123413861,2083.177490234375,-0.018462334909796076,-0.023500515648045707
520,2023-02-02 00:00:00+05:30,2081.5303736011742,2122.16162109375,0.01951989171423006,-0.012746806471006279
521,2023-02-03 00:00:00+05:30,2140.33083289912,2095.007568359375,-0.02117582190709926,-0.011837295972768874
522,2023-02-06 00:00:00+05:30,2190.2964273625657,2067.304443359375,-0.056153122685448975,-0.0007169738569031487
523,2023-02-07 00:00:00+05:30,2056.572547048772,2021.5816650390625,-0.017014173441108154,-0.026064781974635142
524,2023-02-08 00:00:00+05:30,2021.5816409480085,2037.3050537109373,0.007777777777777688,-0.013468064956280142
525,2023-02-09 00:00:00+05:30,2027.62145113676,2036.2069091796875,0.004234250943692747,0.01918031452783461
526,2023-02-10 00:00:00+05:30,2026.623163563967,2037.9539794921875,0.005590983134868777,-0.008138107975839817
527,2023-02-13 00:00:00+05:30,2056.472662221535,2045.1419677734373,-0.005509771491859963,-0.0013007953642458713
528,2023-02-14 00:00:00+05:30,2056.173066369441,2034.8592529296875,-0.01036576822659542,-0.0016406717974789267
529,2023-02-15 00:00:00+05:30,2030.5665284448664,1982.84716796875,-0.023500515648045707,-0.01209085452816362
530,2023-02-16 00:00:00+05:30,1918.8055670467595,1894.346923828125,-0.012746806471006279,0.007444882950606916
531,2023-02-17 00:00:00+05:30,1901.7841992396095,1879.272216796875,-0.011837295972768874,-0.0049627402012508036
532,2023-02-20 00:00:00+05:30,1879.8713782028244,1878.5235595703125,-0.0007169738569031487,-0.0048249610059540905
533,2023-02-21 00:00:00+05:30,1899.737684091724,1850.221435546875,-0.026064781974635142,0.024958855847075984
534,2023-02-22 00:00:00+05:30,1856.810253409088,1831.8026123046875,-0.013468064956280142,-0.020540411549875456
535,2023-02-23 00:00:00+05:30,1826.9108140580024,1861.9515380859373,0.01918031452783461,0.008402240597492559
536,2023-02-24 00:00:00+05:30,1864.5971444555216,1849.4228515625,-0.008138107975839817,-0.0011558960015175138
537,2023-02-27 00:00:00+05:30,1841.8355484086983,1839.439697265625,-0.0013007953642458713,0.0161575442384717
538,2023-02-28 00:00:00+05:30,1855.811868037065,1852.76708984375,-0.0016406717974789267,-0.0004285210648767855
539,2023-03-01 00:00:00+05:30,1861.901753758236,1839.3897705078125,-0.01209085452816362,0.005579351129892929
540,2023-03-02 00:00:00+05:30,1837.0935612794608,1850.7705078125,0.007444882950606916,-0.003010739562331966
541,2023-03-03 00:00:00+05:30,1870.7865469403976,1861.5023193359373,-0.0049627402012508036,0.008885614603988849
542,2023-03-06 00:00:00+05:30,1862.1513113708004,1853.16650390625,-0.0048249610059540905,0.0
543,2023-03-08 00:00:00+05:30,1851.9186112018704,1898.140380859375,0.024958855847075984,-0.005135227595727567
544,2023-03-09 00:00:00+05:30,1902.7825449618736,1863.6986083984373,-0.020540411549875456,0.015238904071520782
545,2023-03-10 00:00:00+05:30,1871.3356694974625,1887.05908203125,0.008402240597492559,-0.026181786850169707
546,2023-03-13 00:00:00+05:30,1856.910189007964,1854.7637939453125,-0.0011558960015175138,-0.027109460149946456
547,2023-03-14 00:00:00+05:30,1831.9523942410265,1861.55224609375,0.0161575442384717,-0.003630421407977342
548,2023-03-15 00:00:00+05:30,1863.848380910144,1863.0496826171875,-0.0004285210648767855,-0.0002732315163483186
549,2023-03-16 00:00:00+05:30,1851.918594529952,1862.2510986328125,0.005579351129892929,0.047635977015230195
550,2023-03-17 00:00:00+05:30,1856.8601757130505,1851.2696533203125,-0.003010739562331966,-0.005628419736027337
551,2023-03-20 00:00:00+05:30,1836.943981156204,1853.266357421875,0.008885614603988849,0.027369866438039604
552,2023-03-21 00:00:00+05:30,1871.8848876953125,1871.8848876953125,0.0,-0.009962737028496786
553,2023-03-22 00:00:00+05:30,1895.4449670823944,1885.71142578125,-0.005135227595727567,-0.003926598679757921
554,2023-03-23 00:00:00+05:30,1876.876366372187,1905.4779052734373,0.015238904071520782,-0.011315789473684267
555,2023-03-24 00:00:00+05:30,1912.216489660868,1862.1512451171875,-0.026181786850169707,0.0015974440894569529
556,2023-03-27 00:00:00+05:30,1881.767986708044,1830.7542724609373,-0.027109460149946456,-0.001991502920871064
557,2023-03-28 00:00:00+05:30,1828.657841544559,1822.01904296875,-0.003630421407977342,0.030488414394735798
558,2023-03-29 00:00:00+05:30,1826.860850296221,1826.3616943359373,-0.0002732315163483186,0.01035867621781097
559,2023-03-31 00:00:00+05:30,1822.218799792609,1909.02197265625,0.047635977015230195,0.017208819367736234
560,2023-04-03 00:00:00+05:30,1906.7258720843208,1895.9940185546875,-0.005628419736027337,0.01604309109794909
561,2023-04-05 00:00:00+05:30,1872.982923367028,1924.2462158203125,0.027369866438039604,-0.0007789190091081455
562,2023-04-06 00:00:00+05:30,1928.938330526536,1909.7208251953125,-0.009962737028496786,2.508819204898526e-05
563,2023-04-10 00:00:00+05:30,1906.825718254075,1899.33837890625,-0.003926598679757921,0.0051967955742305135
564,2023-04-11 00:00:00+05:30,1896.7926862045017,1875.3289794921875,-0.011315789473684267,0.01866111980035222
565,2023-04-12 00:00:00+05:30,1874.829771294358,1877.82470703125,0.0015974440894569529,-0.009313953996315136
566,2023-04-13 00:00:00+05:30,1879.8214286549448,1876.0777587890625,-0.001991502920871064,-0.00039566222833541543
567,2023-04-17 00:00:00+05:30,1876.2274636518969,1933.4306640625,0.030488414394735798,0.026958583467318768
568,2023-04-18 00:00:00+05:30,1937.1245062044536,1957.1905517578125,0.01035867621781097,0.011191827714830216
569,2023-04-19 00:00:00+05:30,1931.7835082290028,1965.0272216796875,0.017208819367736234,-0.0006235296876803269
570,2023-04-20 00:00:00+05:30,1957.0407609306155,1988.437744140625,0.01604309109794909,-9.2642898277025e-05
571,2023-04-21 00:00:00+05:30,1986.6406939195117,1985.09326171875,-0.0007789190091081455,0.019616856937682673
572,2023-04-24 00:00:00+05:30,1986.690758106656,1986.7406005859373,2.508819204898526e-05,-0.0008371482607466311
573,2023-04-25 00:00:00+05:30,1978.654228112848,1988.9368896484373,0.0051967955742305135,0.003995529415914155
574,2023-04-26 00:00:00+05:30,1976.70763682273,2013.59521484375,0.01866111980035222,0.01292890256387724
575,2023-04-27 00:00:00+05:30,2036.5063788744765,2017.5384521484373,-0.009313953996315136,-0.03313266197566436
576,2023-04-28 00:00:00+05:30,2018.6367109945843,2017.8380126953125,-0.00039566222833541543,0.013213142041112454
577,2023-05-02 00:00:00+05:30,2012.646919331826,2066.905029296875,0.026958583467318768,0.016102047418773423
578,2023-05-03 00:00:00+05:30,2136.3375485286447,2160.2470703125,0.011191827714830216,8.693529211952613e-05
579,2023-05-04 00:00:00+05:30,2161.5948888984663,2160.2470703125,-0.0006235296876803269,-0.018912436024155148
580,2023-05-05 00:00:00+05:30,2154.656644886374,2154.45703125,-9.2642898277025e-05,0.017977356189451094
581,2023-05-08 00:00:00+05:30,2155.2057676442296,2197.484130859375,0.019616856937682673,-0.011000260599250782
582,2023-05-09 00:00:00+05:30,2206.2693378201448,2204.42236328125,-0.0008371482607466311,-8.817816807496052e-05
583,2023-05-10 00:00:00+05:30,2211.2610329030213,2220.09619140625,0.003995529415914155,0.012938596491227817
584,2023-05-11 00:00:00+05:30,2219.946236489506,2248.647705078125,0.01292890256387724,0.010499957540760888
585,2023-05-12 00:00:00+05:30,2305.0024591282463,2228.631591796875,-0.03313266197566436,0.017445935276881454
586,2023-05-15 00:00:00+05:30,2221.2940137900937,2250.644287109375,0.013213142041112454,0.005964508314826708
587,2023-05-16 00:00:00+05:30,2241.2602423929275,2277.34912109375,0.016102047418773423,-0.01459207366353022
588,2023-05-17 00:00:00+05:30,2296.1175250240963,2296.317138671875,8.693529211952613e-05,0.010307470319400505
589,2023-05-19 00:00:00+05:30,2304.1040525174835,2260.52783203125,-0.018912436024155148,0.005313787101203036
590,2023-05-22 00:00:00+05:30,2246.2518748760067,2286.633544921875,0.017977356189451094,0.002162096865472214
591,2023-05-23 00:00:00+05:30,2296.0673983288107,2270.81005859375,-0.011000260599250782,0.01682739774646531
592,2023-05-24 00:00:00+05:30,2266.5174843128016,2266.317626953125,-8.817816807496052e-05,0.013690705726738533
593,2023-05-25 00:00:00+05:30,2276.1511174970237,2305.601318359375,0.012938596491227817,0.008108128103245339
594,2023-05-26 00:00:00+05:30,2296.117427007817,2320.2265625,0.010499957540760888,-0.023886155678502018
595,2023-05-30 00:00:00+05:30,2326.11671636667,2366.697998046875,0.017445935276881454,-0.029966196693061848
596,2023-05-31 00:00:00+05:30,2360.0093976838207,2374.085693359375,0.005964508314826708,-0.0014618437168962212
597,2023-06-01 00:00:00+05:30,2373.98585895188,2339.344482421875,-0.01459207366353022,0.01907170935522134
598,2023-06-02 00:00:00+05:30,2358.362392217948,2382.671142578125,0.010307470319400505,0.004111465040441276
599,2023-06-05 00:00:00+05:30,2385.9655301109315,2398.64404296875,0.005313787101203036,-0.009063321225501525
600,2023-06-06 00:00:00+05:30,2400.990223049091,2406.181396484375,0.002162096865472214,-0.024640434696202432
601,2023-06-07 00:00:00+05:30,2376.0324494920146,2416.014892578125,0.01682739774646531,0.008367346938775493
602,2023-06-08 00:00:00+05:30,2409.97498002098,2442.96923828125,0.013690705726738533,0.0023866435659532607
603,2023-06-09 00:00:00+05:30,2437.877662720001,2457.644287109375,0.008108128103245339,-0.0017352616558210202
604,2023-06-12 00:00:00+05:30,2465.8803831860973,2406.97998046875,-0.023886155678502018,0.000934998221012278
605,2023-06-13 00:00:00+05:30,2406.9800895819462,2334.85205078125,-0.029966196693061848,0.028434939500762278
606,2023-06-14 00:00:00+05:30,2356.0161488885337,2352.572021484375,-0.0014618437168962212,0.03549338831052719
607,2023-06-15 00:00:00+05:30,2365.999394096168,2411.123046875,0.01907170935522134,-0.004226649864954506
608,2023-06-16 00:00:00+05:30,2415.9647944275243,2425.89794921875,0.004111465040441276,-0.03482629187480596
609,2023-06-19 00:00:00+05:30,2450.8059474222323,2428.593505859375,-0.009063321225501525,0.01223546924735492
610,2023-06-20 00:00:00+05:30,2495.7297527097644,2434.23388671875,-0.024640434696202432,-0.009938378472986903
611,2023-06-21 00:00:00+05:30,2445.864195554417,2466.32958984375,0.008367346938775493,0.008210941178201604
612,2023-06-22 00:00:00+05:30,2467.877146729944,2473.76708984375,0.0023866435659532607,0.01764009271095249
613,2023-06-23 00:00:00+05:30,2473.717106989983,2469.424560546875,-0.0017352616558210202,0.004154582607392224
614,2023-06-26 00:00:00+05:30,2455.7973397155743,2458.093505859375,0.000934998221012278,-0.01884648147113074
615,2023-06-27 00:00:00+05:30,2455.84732899565,2525.67919921875,0.028434939500762278,-0.002373821429011536
616,2023-06-28 00:00:00+05:30,2525.7792699596425,2615.427734375,0.03549338831052719,-0.027261021734077063
617,2023-06-30 00:00:00+05:30,2633.546851930438,2622.415771484375,-0.004226649864954506,0.023903231205722325
618,2023-07-07 00:00:00+05:30,2720.35005663657,2625.6103515625,-0.03482629187480596,-0.06980992306321296
619,2023-07-10 00:00:00+05:30,2635.3938793903026,2667.63916015625,0.01223546924735492,0.01541503559341994
620,2023-07-14 00:00:00+05:30,2682.0149874372496,2655.360107421875,-0.009938378472986903,0.002876128136467195
621,2023-07-17 00:00:00+05:30,2650.518244741304,2672.281494140625,0.008210941178201604,0.007795294814222407
622,2023-07-19 00:00:00+05:30,2648.571434807171,2695.29248046875,0.01764009271095249,0.005110231164383436
623,2023-07-20 00:00:00+05:30,2715.3086256196734,2726.589599609375,0.004154582607392224,-0.013671591335447455
624,2023-07-21 00:00:00+05:30,2725.3416158913988,2673.978515625,-0.01884648147113074,-0.012506323527029151
625,2023-07-24 00:00:00+05:30,2670.434349126475,2664.09521484375,-0.002373821429011536,0.01844382838500229
626,2023-07-26 00:00:00+05:30,2605.5442014003484,2534.514404296875,-0.027261021734077063,-0.006909869419736048
627,2023-07-28 00:00:00+05:30,2549.7385566414546,2610.685546875,0.023903231205722325,-0.001582784724135837
628,2023-08-03 00:00:00+05:30,2625.5604356848503,2442.270263671875,-0.06980992306321296,-0.0014245594607501003
629,2023-08-04 00:00:00+05:30,2470.6723108879846,2508.7578125,0.01541503559341994,-0.0010608096956212863
630,2023-08-07 00:00:00+05:30,2516.494904216332,2523.732666015625,0.002876128136467195,0.012724648103914249
631,2023-08-08 00:00:00+05:30,2535.712378352916,2555.47900390625,0.007795294814222407,0.007563380984931362
632,2023-08-09 00:00:00+05:30,2568.906230867517,2582.033935546875,0.005110231164383436,-0.008940470885588053
633,2023-08-10 00:00:00+05:30,2577.6413378872,2542.40087890625,-0.013671591335447455,-0.016219788458712397
634,2023-08-11 00:00:00+05:30,2542.401070795585,2510.60498046875,-0.012506323527029151,0.011142649449623591
635,2023-08-14 00:00:00+05:30,2497.976097393585,2544.04833984375,0.01844382838500229,0.010812728598060907
636,2023-08-16 00:00:00+05:30,2470.5224032204105,2453.451416015625,-0.006909869419736048,-0.015582662137391266
637,2023-08-17 00:00:00+05:30,2459.7905356813253,2455.897216796875,-0.001582784724135837,-0.020805228349767637
638,2023-08-18 00:00:00+05:30,2452.7523924067305,2449.25830078125,-0.0014245594607501003,0.009751370924818736
639,2023-08-21 00:00:00+05:30,2446.912603145004,2444.31689453125,-0.0010608096956212863,0.002002371118684998
640,2023-08-22 00:00:00+05:30,2436.030687049459,2467.0283203125,0.012724648103914249,-0.008787701085195524
641,2023-08-23 00:00:00+05:30,2474.8651480923986,2493.58349609375,0.007563380984931362,0.003998143409652061
642,2023-08-24 00:00:00+05:30,2501.2204873833875,2478.8583984375,-0.008940470885588053,-0.009136047332370953
643,2023-08-25 00:00:00+05:30,2492.7348546828653,2452.30322265625,-0.016219788458712397,0.0049581202502167335
644,2023-08-28 00:00:00+05:30,2445.91424784307,2473.168212890625,0.011142649449623591,0.01203868589666
645,2023-08-29 00:00:00+05:30,2455.897440093719,2482.452392578125,0.010812728598060907,-0.0035971223021582085
646,2023-08-30 00:00:00+05:30,2485.746758934847,2447.01220703125,-0.015582662137391266,-0.001856191937975526
647,2023-08-31 00:00:00+05:30,2480.7552577422134,2429.142578125,-0.020805228349767637,-0.004140159547611857
648,2023-09-01 00:00:00+05:30,2410.973347179922,2434.483642578125,0.009751370924818736,-0.029986976656454226
649,2023-09-04 00:00:00+05:30,2442.9191602438705,2447.810791015625,0.002002371118684998,-0.0001250177379723077
650,2023-09-05 00:00:00+05:30,2470.871975748918,2449.15869140625,-0.008787701085195524,0.006520073438222166
651,2023-09-06 00:00:00+05:30,2447.0121488008085,2456.795654296875,0.003998143409652061,-0.008662275719256256
652,2023-09-07 00:00:00+05:30,2464.083516843926,2441.571533203125,-0.009136047332370953,-0.013750403814416232
653,2023-09-08 00:00:00+05:30,2456.446375901944,2468.625732421875,0.0049581202502167335,0.008030491014673211
654,2023-09-11 00:00:00+05:30,2467.028490390453,2496.728271484375,0.01203868589666,0.006088014027653681
655,2023-09-12 00:00:00+05:30,2497.7765558015567,2488.791748046875,-0.0035971223021582085,-0.009420044059290377
656,2023-09-13 00:00:00+05:30,2447.012094825669,2442.469970703125,-0.001856191937975526,-0.017427774468475123
657,2023-09-14 00:00:00+05:30,2471.570832344756,2461.338134765625,-0.004140159547611857,0.01176718401523991
658,2023-09-15 00:00:00+05:30,2460.2397516101905,2386.464599609375,-0.029986976656454226,0.011893792295934461
659,2023-09-18 00:00:00+05:30,2395.998516924146,2395.698974609375,-0.0001250177379723077,-0.014917911885802023
660,2023-09-20 00:00:00+05:30,2380.9239548696773,2396.44775390625,0.006520073438222166,0.018416017160525797
661,2023-09-21 00:00:00+05:30,2402.936726633905,2382.121826171875,-0.008662275719256256,-0.005882352941176469
662,2023-09-22 00:00:00+05:30,2388.6109669130983,2355.7666015625,-0.013750403814416232,-0.01856408124876046
663,2023-09-25 00:00:00+05:30,2355.7666077364056,2374.6845703125,0.008030491014673211,0.012278206117691438
664,2023-09-26 00:00:00+05:30,2385.9156740171597,2400.441162109375,0.006088014027653681,0.0134594220348599
665,2023-09-27 00:00:00+05:30,2405.6821395598013,2383.0205078125,-0.009420044059290377,0.01950252757352945
666,2023-09-28 00:00:00+05:30,2382.97054708779,2341.440673828125,-0.017427774468475123,0.011923919125018799
667,2023-09-29 00:00:00+05:30,2350.0262520113133,2377.679443359375,0.01176718401523991,-0.006361287327562331
668,2023-10-03 00:00:00+05:30,2387.9620885797417,2416.364013671875,0.011893792295934461,-0.0059859253900558405
669,2023-10-04 00:00:00+05:30,2415.8150389300285,2379.776123046875,-0.014917911885802023,-0.01020408163265319
670,2023-10-05 00:00:00+05:30,2425.84800249473,2470.5224609375,0.018416017160525797,-0.01747077912208169
671,2023-10-06 00:00:00+05:30,2545.695381841716,2530.720703125,-0.005882352941176469,-0.03483037975173095
672,2023-10-09 00:00:00+05:30,2516.7444866322103,2470.0234375,-0.01856408124876046,-0.02091770254958018
673,2023-10-10 00:00:00+05:30,2475.8136084100806,2506.212158203125,0.012278206117691438,0.005398158770682454
674,2023-10-11 00:00:00+05:30,2495.879800803331,2529.472900390625,0.0134594220348599,-0.00705607625427995
675,2023-10-12 00:00:00+05:30,2528.724017467249,2578.04052734375,0.01950252757352945,0.02106567534076835
676,2023-10-13 00:00:00+05:30,2574.4967333822747,2605.19482421875,0.011923919125018799,0.01567557632564113
677,2023-10-16 00:00:00+05:30,2605.145074395086,2588.572998046875,-0.006361287327562331,-0.017174043332868698
678,2023-10-17 00:00:00+05:30,2610.0365701115047,2594.4130859375,-0.0059859253900558405,-0.014423723986510177
679,2023-10-18 00:00:00+05:30,2592.6161555654,2566.160888671875,-0.01020408163265319,0.018638262878296057
680,2023-10-19 00:00:00+05:30,2565.6617563312097,2520.837646484375,-0.01747077912208169,0.002357556184146285
681,2023-10-20 00:00:00+05:30,2520.8376202786294,2433.035888671875,-0.03483037975173095,0.02381954267517099
682,2023-10-23 00:00:00+05:30,2438.7760430249123,2387.762451171875,-0.02091770254958018,0.016775215757823307
683,2023-10-25 00:00:00+05:30,2413.419002528544,2426.447021484375,0.005398158770682454,-0.0006594197731041861
684,2023-10-26 00:00:00+05:30,2426.44712366594,2409.325927734375,-0.00705607625427995,0.001182189468265505
685,2023-10-27 00:00:00+05:30,2416.9132388216776,2467.8271484375,0.02106567534076835,-0.03751515105400044
686,2023-10-30 00:00:00+05:30,2451.9041014428058,2490.339111328125,0.01567557632564113,0.0038340486409155286
687,2023-10-31 00:00:00+05:30,2490.838311980116,2448.060546875,-0.017174043332868698,-0.006738281249999827
688,2023-11-01 00:00:00+05:30,2450.157039248348,2414.816650390625,-0.014423723986510177,0.0069998051700311086
689,2023-11-02 00:00:00+05:30,2439.774401926899,2485.24755859375,0.018638262878296057,0.010697410125110211
690,2023-11-03 00:00:00+05:30,2498.325633125489,2504.215576171875,0.002357556184146285,0.004026813116565807
691,2023-11-06 00:00:00+05:30,2495.8297730850386,2555.279296875,0.02381954267517099,-0.01051601813555435
692,2023-11-07 00:00:00+05:30,2538.158177077049,2580.736328125,0.016775215757823307,-0.010984263297175688
693,2023-11-08 00:00:00+05:30,2573.5982045910077,2571.901123046875,-0.0006594197731041861,0.002751167440200627
694,2023-11-09 00:00:00+05:30,2575.644797112486,2578.689697265625,0.001182189468265505,-0.011942692355005412
695,2023-11-10 00:00:00+05:30,2594.562706786029,2497.227294921875,-0.03751515105400044,0.019256328037211615
696,2023-11-13 00:00:00+05:30,2525.679216003244,2535.36279296875,0.0038340486409155286,0.01705107661862003
697,2023-11-15 00:00:00+05:30,2555.678645167633,2538.457763671875,-0.006738281249999827,0.00914162032560278
698,2023-11-16 00:00:00+05:30,2545.745463291345,2563.565185546875,0.0069998051700311086,0.019206103347615574
699,2023-11-17 00:00:00+05:30,2575.694783419653,2603.248046875,0.010697410125110211,0.013555769245287433
700,2023-11-20 00:00:00+05:30,2615.5273305511005,2626.0595703125,0.004026813116565807,0.006017699115044155
701,2023-11-21 00:00:00+05:30,2643.879500794197,2616.076416015625,-0.01051601813555435,0.00040065585066011877
702,2023-11-22 00:00:00+05:30,2626.6086856000293,2597.75732421875,-0.010984263297175688,-0.007120655980603393
703,2023-11-23 00:00:00+05:30,2594.562850897432,2601.700927734375,0.002751167440200627,-0.0004999831627155029
704,2023-11-24 00:00:00+05:30,2595.5110619923885,2564.513671875,-0.011942692355005412,0.005377225771593634
705,2023-11-28 00:00:00+05:30,2589.5711363018027,2639.436767578125,0.019256328037211615,-0.0003750759141663526
706,2023-11-29 00:00:00+05:30,2640.535115463328,2685.55908203125,0.01705107661862003,0.008640676795357518
707,2023-11-30 00:00:00+05:30,2675.5259764922453,2699.984619140625,0.00914162032560278,-0.005689133654520338
708,2023-12-01 00:00:00+05:30,2687.306023949236,2738.918701171875,0.019206103347615574,-0.021392258168640203
709,2023-12-04 00:00:00+05:30,2776.405436616737,2814.041748046875,0.013555769245287433,0.015392787729432592
710,2023-12-05 00:00:00+05:30,2820.2313331212067,2837.20263671875,0.006017699115044155,0.004609911424572464
711,2023-12-06 00:00:00+05:30,2865.2053102134955,2866.353271484375,0.00040065585066011877,-0.047447580337375686
712,2023-12-07 00:00:00+05:30,2895.1045454491496,2874.489501953125,-0.007120655980603393,0.011508789062499943
713,2023-12-08 00:00:00+05:30,2895.104730181889,2893.6572265625,-0.0004999831627155029,-0.011316024756941934
714,2023-12-11 00:00:00+05:30,2905.5369165432967,2921.16064453125,0.005377225771593634,0.014536331245658242
715,2023-12-12 00:00:00+05:30,2928.048924220726,2926.95068359375,-0.0003750759141663526,0.0011433780396757052
716,2023-12-13 00:00:00+05:30,2951.958413467144,2977.46533203125,0.008640676795357518,-0.00729147261019724
717,2023-12-14 00:00:00+05:30,2991.8908960938707,2974.86962890625,-0.005689133654520338,0.00697821756830851
718,2023-12-15 00:00:00+05:30,2975.0195842690696,2911.377197265625,-0.021392258168640203,-0.004882567563330782
719,2023-12-18 00:00:00+05:30,2925.0041088171347,2970.028076171875,0.015392787729432592,-0.016298412165000494
720,2023-12-19 00:00:00+05:30,2966.8832338194184,2980.560302734375,0.004609911424572464,0.020559872766178502
721,2023-12-20 00:00:00+05:30,2995.0853844753174,2852.975830078125,-0.047447580337375686,-0.002497460874129262
722,2023-12-21 00:00:00+05:30,2845.188914687894,2877.93359375,0.011508789062499943,-0.017077988832767076
723,2023-12-22 00:00:00+05:30,2898.049527149189,2865.255126953125,-0.011316024756941934,-0.0031416668055008565
724,2023-12-26 00:00:00+05:30,2874.1399827579894,2915.91943359375,0.014536331245658242,0.007457878987054534
725,2023-12-27 00:00:00+05:30,2925.0539949972544,2928.3984375,0.0011433780396757052,0.02168475854811951
726,2023-12-28 00:00:00+05:30,2943.6724472569413,2922.208740234375,-0.00729147261019724,-0.018811498836410565
727,2023-12-29 00:00:00+05:30,2939.8789281834006,2960.39404296875,0.00697821756830851,-0.002483934685716362
728,2024-01-01 00:00:00+05:30,2985.2021602218592,2970.626708984375,-0.004882567563330782,0.015196860127521885
729,2024-01-02 00:00:00+05:30,2970.72672229962,2922.30859375,-0.016298412165000494,-0.01261332615669541
730,2024-01-03 00:00:00+05:30,2927.9489587393296,2988.147216796875,0.020559872766178502,0.009290784313567408
731,2024-01-04 00:00:00+05:30,2997.9807478222037,2990.493408203125,-0.002497460874129262,-0.0073544501717525855
732,2024-01-05 00:00:00+05:30,3001.724352470537,2950.4609375,-0.017077988832767076,-0.046775745448036
733,2024-01-08 00:00:00+05:30,2955.1530025777497,2945.868896484375,-0.0031416668055008565,-0.005993869135288493
734,2024-01-09 00:00:00+05:30,2985.052536677087,3007.314697265625,0.007457878987054534,-0.015667630187993786
735,2024-01-10 00:00:00+05:30,3010.858932663371,3076.148681640625,0.02168475854811951,0.010121791722756375
736,2024-01-11 00:00:00+05:30,3104.550416468857,3046.149169921875,-0.018811498836410565,-0.002910308063350851
737,2024-01-12 00:00:00+05:30,3074.651148650235,3067.013916015625,-0.002483934685716362,0.0035758030020758614
738,2024-01-15 00:00:00+05:30,3067.81247664496,3114.43359375,0.015196860127521885,0.02607414155933968
739,2024-01-16 00:00:00+05:30,3082.7872775756477,3043.903076171875,-0.01261332615669541,0.01194132914067664
740,2024-01-17 00:00:00+05:30,3024.7853115288635,3052.887939453125,0.009290784313567408,-0.014984704958671675
741,2024-01-19 00:00:00+05:30,3047.4472107720444,3025.034912109375,-0.0073544501717525855,-0.019138351630668283
742,2024-01-23 00:00:00+05:30,3049.843006290597,2907.184326171875,-0.046775745448036,-0.01984578181558858
743,2024-01-24 00:00:00+05:30,2923.0572880941627,2905.536865234375,-0.005993869135288493,0.0030281511583085097
744,2024-01-25 00:00:00+05:30,2905.537039996432,2860.01416015625,-0.015667630187993786,-0.007555517493280999
745,2024-01-29 00:00:00+05:30,2865.2052876634552,2894.206298828125,0.010121791722756375,-0.018690927500372014
746,2024-01-30 00:00:00+05:30,2932.8908404713266,2924.355224609375,-0.002910308063350851,-0.001444366793188293
747,2024-01-31 00:00:00+05:30,2945.419420549875,2955.95166015625,0.0035758030020758614,0.015428805908904344
748,2024-02-01 00:00:00+05:30,2984.503412872188,3062.32177734375,0.02607414155933968,-0.03297634426200764
749,2024-02-02 00:00:00+05:30,3084.8838224621063,3121.721435546875,0.01194132914067664,-0.0014425200349559545
750,2024-02-05 00:00:00+05:30,3214.514498612709,3166.345947265625,-0.014984704958671675,-9.777239636240561e-05
751,2024-02-06 00:00:00+05:30,3189.756396325934,3128.709716796875,-0.019138351630668283,0.005471511619751292
752,2024-02-07 00:00:00+05:30,3171.6369747746307,3108.693359375,-0.01984578181558858,-0.0187136699177228
753,2024-02-08 00:00:00+05:30,3115.431967874724,3124.865966796875,0.0030281511583085097,0.00799344037576205
754,2024-02-09 00:00:00+05:30,3124.8660838765145,3101.256103515625,-0.007555517493280999,0.004772546307395698
755,2024-02-12 00:00:00+05:30,3113.884494805696,3055.68310546875,-0.018690927500372014,-0.0011458043289637322
756,2024-02-13 00:00:00+05:30,3041.107807162421,3036.71533203125,-0.001444366793188293,-0.010389494207128024
757,2024-02-14 00:00:00+05:30,3041.1076604710106,3088.0283203125,0.015428805908904344,-0.029156106120026087
758,2024-02-15 00:00:00+05:30,3127.262147792527,3024.136474609375,-0.03297634426200764,0.010586008651760934
759,2024-02-16 00:00:00+05:30,3045.001117696866,3040.608642578125,-0.0014425200349559545,0.0003009984701758984
760,2024-02-19 00:00:00+05:30,3063.6696595117733,3063.3701171875,-9.777239636240561e-05,0.0015795542741559299
761,2024-02-20 00:00:00+05:30,3092.670458664978,3109.592041015625,0.005471511619751292,0.011025270531057332
762,2024-02-21 00:00:00+05:30,3150.123466454426,3091.173095703125,-0.0187136699177228,-0.04353447492095001
763,2024-02-22 00:00:00+05:30,3097.3128592563285,3122.071044921875,0.00799344037576205,-0.008756900165017964
764,2024-02-23 00:00:00+05:30,3158.6089860968964,3173.68359375,0.004772546307395698,0.057666995722277056
765,2024-02-26 00:00:00+05:30,3180.0726961397813,3176.428955078125,-0.0011458043289637322,0.007984946880422828
766,2024-02-27 00:00:00+05:30,3209.3733063908844,3176.029541015625,-0.010389494207128024,-0.04068736996224094
767,2024-02-28 00:00:00+05:30,3210.022166866676,3116.430419921875,-0.029156106120026087,0.02794448379513221
768,2024-02-29 00:00:00+05:30,3116.7799108202967,3149.774169921875,0.010586008651760934,0.005540429655932419
769,2024-03-01 00:00:00+05:30,3150.672502006246,3151.620849609375,0.0003009984701758984,0.011963780748525986
770,2024-03-04 00:00:00+05:30,3160.1065846686483,3165.09814453125,0.0015795542741559299,-0.007416021344058842
771,2024-03-05 00:00:00+05:30,3146.52960711322,3181.220947265625,0.011025270531057332,-0.01405146558905082
772,2024-03-06 00:00:00+05:30,3203.532973551776,3064.06884765625,-0.04353447492095001,0.006361941347555849
773,2024-03-07 00:00:00+05:30,3123.6681028503112,3096.314453125,-0.008756900165017964,-0.004409038836635771
774,2024-03-11 00:00:00+05:30,3033.87004768803,3208.82421875,0.057666995722277056,0.051867455172251414
775,2024-03-12 00:00:00+05:30,3213.1168699726777,3238.7734375,0.007984946880422828,0.01284247590575313
776,2024-03-13 00:00:00+05:30,3238.773514081986,3106.996337890625,-0.04068736996224094,-0.004172137398349291
777,2024-03-14 00:00:00+05:30,3084.8337549217863,3171.037841796875,0.02794448379513221,-0.003594660959345169
778,2024-03-15 00:00:00+05:30,3180.3222751047124,3197.942626953125,0.005540429655932419,-0.011805322658635362
779,2024-03-18 00:00:00+05:30,3204.2818618483675,3242.6171875,0.011963780748525986,-0.011580633494372395
780,2024-03-19 00:00:00+05:30,3250.9528859910392,3226.84375,-0.007416021344058842,-0.005414194342226663
781,2024-03-20 00:00:00+05:30,3253.947833669625,3208.22509765625,-0.01405146558905082,0.00020000319502841077
782,2024-03-21 00:00:00+05:30,3263.9308640616127,3284.69580078125,0.006361941347555849,0.01677963343043781
783,2024-03-22 00:00:00+05:30,3294.4793447995908,3279.953857421875,-0.004409038836635771,0.00208322189897098
784,2024-03-26 00:00:00+05:30,3314.3956631586398,3486.304931640625,0.051867455172251414,0.028889307190303568
785,2024-03-27 00:00:00+05:30,3494.191602364672,3539.065673828125,0.01284247590575313,-0.04146043085117619
786,2024-03-28 00:00:00+05:30,3553.341631070601,3538.5166015625,-0.004172137398349291,-0.005641555346001179
787,2024-04-01 00:00:00+05:30,3554.839232822601,3542.060791015625,-0.003594660959345169,-0.005465269885227468
788,2024-04-02 00:00:00+05:30,3602.4586061316368,3559.930419921875,-0.011805322658635362,-0.01873796848257946
789,2024-04-03 00:00:00+05:30,3525.788135567438,3484.957275390625,-0.011580633494372395,0.011698192721497847
790,2024-04-04 00:00:00+05:30,3494.141839933832,3475.223876953125,-0.005414194342226663,0.029476295975260896
791,2024-04-05 00:00:00+05:30,3493.7921971946707,3494.490966796875,0.00020000319502841077,-0.010188962429629305
792,2024-04-08 00:00:00+05:30,3534.0243416227017,3593.323974609375,0.01677963343043781,0.008054020088523102
793,2024-04-09 00:00:00+05:30,3617.982470936452,3625.51953125,0.00208322189897098,0.019412716005811324
794,2024-04-10 00:00:00+05:30,3683.720966671709,3790.14111328125,0.028889307190303568,0.020760136890209602
795,2024-04-12 00:00:00+05:30,3842.951774188784,3683.621337890625,-0.04146043085117619,-0.021294140880669426
796,2024-04-15 00:00:00+05:30,3609.9460326046415,3589.580322265625,-0.005641555346001179,0.003705558651846329
797,2024-04-16 00:00:00+05:30,3580.246211017524,3560.67919921875,-0.005465269885227468,0.021284562926675764
798,2024-04-18 00:00:00+05:30,3652.17456629104,3583.740234375,-0.01873796848257946,-0.04035194631057142
799,2024-04-19 00:00:00+05:30,3511.711799060977,3552.79248046875,0.011698192721497847,-0.020000454782909946
800,2024-04-22 00:00:00+05:30,3618.830761666004,3725.50048828125,0.029476295975260896,-0.013504348892235687
801,2024-04-23 00:00:00+05:30,3733.037734348667,3695.001953125,-0.010188962429629305,0.026952772736185696
802,2024-04-24 00:00:00+05:30,3706.183042170366,3736.03271484375,0.008054020088523102,-0.016528500279201237
803,2024-04-25 00:00:00+05:30,3736.082596992211,3808.610107421875,0.019412716005811324,-0.007989453675145057
804,2024-04-26 00:00:00+05:30,3849.4407950349423,3929.355712890625,0.020760136890209602,0.016566628430874333
805,2024-04-29 00:00:00+05:30,4006.076214972192,3920.770263671875,-0.021294140880669426,0.006136156474536177
806,2024-04-30 00:00:00+05:30,3960.303379174364,3974.978515625,0.003705558651846329,0.03031541314964793
807,2024-05-02 00:00:00+05:30,4017.257133071013,4102.7626953125,0.021284562926675764,-0.0023604973544193047
808,2024-05-03 00:00:00+05:30,4181.079947955091,4012.365234375,-0.04035194631057142,0.018808823807227214
809,2024-05-06 00:00:00+05:30,4073.012891414954,3991.55078125,-0.020000454782909946,-0.011975729218598966
810,2024-05-07 00:00:00+05:30,3995.643624143217,3941.68505859375,-0.013504348892235687,0.004076535723977431
811,2024-05-08 00:00:00+05:30,3961.351682133353,4068.12109375,0.026952772736185696,0.0018439843401397648
812,2024-05-09 00:00:00+05:30,4101.115116329666,4033.329833984375,-0.016528500279201237,-0.05524293853042259
813,2024-05-10 00:00:00+05:30,4042.264971151552,4009.969482421875,-0.007989453675145057,-0.009384252893047349
814,2024-05-13 00:00:00+05:30,4010.31888480241,4076.75634765625,0.016566628430874333,-0.015204375931004536
815,2024-05-14 00:00:00+05:30,4116.189681659466,4141.447265625,0.006136156474536177,-0.03411224386324457
816,2024-05-15 00:00:00+05:30,4160.814365350412,4286.951171875,0.03031541314964793,0.027580976815712772
817,2024-05-16 00:00:00+05:30,4292.641558103875,4282.5087890625,-0.0023604973544193047,-0.004404971870171348
818,2024-05-17 00:00:00+05:30,4283.307124728736,4363.87109375,0.018808823807227214,-0.00027899840367957287
819,2024-05-21 00:00:00+05:30,4359.777926146759,4307.56640625,-0.011975729218598966,-0.05954304177244408
820,2024-05-22 00:00:00+05:30,4334.520601608726,4352.1904296875,0.004076535723977431,0.053649085251739594
821,2024-05-23 00:00:00+05:30,4385.035644970969,4393.12158203125,0.0018439843401397648,-0.01461150584460245
822,2024-05-24 00:00:00+05:30,4497.045744275775,4248.61572265625,-0.05524293853042259,0.004908068426724174
823,2024-05-27 00:00:00+05:30,4281.859789492165,4241.677734375,-0.009384252893047349,0.033888466958418295
824,2024-05-28 00:00:00+05:30,4254.755848826448,4190.06494140625,-0.015204375931004536,-0.009467227100291891
825,2024-05-29 00:00:00+05:30,4163.0106096853615,4021.0009765625,-0.03411224386324457,-0.022446704700203317
826,2024-05-30 00:00:00+05:30,4043.06355318758,4154.5751953125,0.027580976815712772,-0.011275817169540138
827,2024-05-31 00:00:00+05:30,4192.71047090285,4174.24169921875,-0.004404971870171348,-0.009071730292414877
828,2024-06-03 00:00:00+05:30,4292.790943539328,4291.59326171875,-0.00027899840367957287,0.00020927961482554146
829,2024-06-04 00:00:00+05:30,4325.68557036043,4068.12109375,-0.05954304177244408,-0.017868737940039927
830,2024-06-05 00:00:00+05:30,4117.986857930826,4338.9130859375,0.053649085251739594,-0.00444929666215392
831,2024-06-06 00:00:00+05:30,4355.635062960655,4291.99267578125,-0.01461150584460245,0.018115090480888055
832,2024-06-07 00:00:00+05:30,4342.657133043471,4363.97119140625,0.004908068426724174,0.0011021137631100691
833,2024-06-10 00:00:00+05:30,4405.550782407983,4554.84814453125,0.033888466958418295,-0.024487984635660112
834,2024-06-11 00:00:00+05:30,4402.505693081733,4360.826171875,-0.009467227100291891,-0.004090074883604428
835,2024-06-12 00:00:00+05:30,4387.431124756132,4288.94775390625,-0.022446704700203317,-0.0020438257335149298
836,2024-06-13 00:00:00+05:30,4342.656947172602,4293.68994140625,-0.011275817169540138,0.0012552054021357877
837,2024-06-14 00:00:00+05:30,4302.774330895258,4263.74072265625,-0.009071730292414877,-0.010075110324302052
838,2024-06-18 00:00:00+05:30,4292.741265198973,4293.6396484375,0.00020927961482554146,0.006733136737358119
839,2024-06-19 00:00:00+05:30,4296.335523255028,4219.5654296875,-0.017868737940039927,-0.0003037246315200643
840,2024-06-20 00:00:00+05:30,4240.779619418107,4221.9111328125,-0.00444929666215392,-0.0025826492052785344
841,2024-06-21 00:00:00+05:30,4226.902424654744,4303.47314453125,0.018115090480888055,0.011132572684616739
842,2024-06-24 00:00:00+05:30,4302.624717300316,4307.36669921875,0.0011021137631100691,-0.024821904033139258
843,2024-06-25 00:00:00+05:30,4335.618808967577,4229.4482421875,-0.024487984635660112,0.01121040314027624
844,2024-06-26 00:00:00+05:30,4234.839364809607,4217.5185546875,-0.004090074883604428,-0.008031966236381471
845,2024-06-27 00:00:00+05:30,4225.30571041792,4216.669921875,-0.0020438257335149298,0.008574712208326752
846,2024-06-28 00:00:00+05:30,4215.521642742459,4220.81298828125,0.0012552054021357877,0.0021635481511771
847,2024-07-01 00:00:00+05:30,4255.803963987021,4212.92626953125,-0.010075110324302052,0.008080529837244404
848,2024-07-02 00:00:00+05:30,4218.267263315128,4246.66943359375,0.006733136737358119,-0.0034607300572399797
849,2024-07-03 00:00:00+05:30,4272.325442502008,4271.02783203125,-0.0003037246315200643,0.005968153829726749
850,2024-07-04 00:00:00+05:30,4290.695129898575,4279.61376953125,-0.0025826492052785344,-0.030815357800113293
851,2024-07-05 00:00:00+05:30,4268.532497805284,4316.05224609375,0.011132572684616739,0.012706101645391783
852,2024-07-08 00:00:00+05:30,4335.618802111537,4228.00048828125,-0.024821904033139258,-0.008023170164708625
853,2024-07-09 00:00:00+05:30,4247.767532267109,4295.38671875,0.01121040314027624,0.008362661104008016
854,2024-07-10 00:00:00+05:30,4306.717877424847,4272.12646484375,-0.008031966236381471,0.015122007102760834
855,2024-07-11 00:00:00+05:30,4272.824648943663,4309.462890625,0.008574712208326752,0.007029327640240237
856,2024-07-12 00:00:00+05:30,4314.354650815456,4323.68896484375,0.0021635481511771,-0.011636971046770481
857,2024-07-15 00:00:00+05:30,4342.607186960583,4377.69775390625,0.008080529837244404,-0.0029208690426422114
858,2024-07-16 00:00:00+05:30,4442.388066062396,4427.01416015625,-0.0034607300572399797,0.0006377484126761408
859,2024-07-18 00:00:00+05:30,4382.589636346468,4408.74560546875,0.005968153829726749,-0.006994963133746954
860,2024-07-19 00:00:00+05:30,4407.547194603853,4271.72705078125,-0.030815357800113293,-0.015582904023822003
861,2024-07-22 00:00:00+05:30,4274.172399788361,4328.48046875,0.012706101645391783,-0.00023661638568480824
862,2024-07-23 00:00:00+05:30,4342.60710072761,4307.765625,-0.008023170164708625,-0.000563079770245262
863,2024-07-24 00:00:00+05:30,4333.372799961595,4369.611328125,0.008362661104008016,-0.0014219427384392855
864,2024-07-25 00:00:00+05:30,4357.13240885931,4423.02099609375,0.015122007102760834,-0.017562857268829574
865,2024-07-26 00:00:00+05:30,4452.371280524448,4483.66845703125,0.007029327640240237,-0.001199353143034129
866,2024-07-29 00:00:00+05:30,4482.420587660554,4430.2587890625,-0.011636971046770481,-0.002885293023148138
867,2024-07-30 00:00:00+05:30,4477.429058145313,4464.35107421875,-0.0029208690426422114,-0.014337836408738203
868,2024-07-31 00:00:00+05:30,4461.455983059829,4464.30126953125,0.0006377484126761408,-0.0051652024481414
869,2024-08-01 00:00:00+05:30,4431.456861751743,4400.458984375,-0.006994963133746954,0.012042326218430197
870,2024-08-02 00:00:00+05:30,4372.406271659426,4304.271484375,-0.015582904023822003,-0.0179816463040081
871,2024-08-05 00:00:00+05:30,4219.115987757058,4218.11767578125,-0.00023661638568480824,0.007883330912069253
872,2024-08-06 00:00:00+05:30,4254.905616902181,4252.509765625,-0.000563079770245262,-0.0037659762603177646
873,2024-08-07 00:00:00+05:30,4317.699091181972,4311.5595703125,-0.0014219427384392855,0.0186591131036931
874,2024-08-08 00:00:00+05:30,4322.840373793367,4246.9189453125,-0.017562857268829574,0.04788845874021162
875,2024-08-09 00:00:00+05:30,4286.6514628112645,4281.51025390625,-0.001199353143034129,0.002609567384696549
876,2024-08-12 00:00:00+05:30,4255.903552264039,4243.6240234375,-0.002885293023148138,0.01784671037128204
877,2024-08-13 00:00:00+05:30,4282.1095653383645,4220.71337890625,-0.014337836408738203,0.003997931500527521
878,2024-08-14 00:00:00+05:30,4223.109111961371,4201.2958984375,-0.0051652024481414,0.01030345463605397
879,2024-08-16 00:00:00+05:30,4219.6152162681965,4270.42919921875,0.012042326218430197,-0.022296144990312888
880,2024-08-19 00:00:00+05:30,4302.674841218444,4225.3056640625,-0.0179816463040081,0.0035781515861614153
881,2024-08-20 00:00:00+05:30,4261.344400243835,4294.93798828125,0.007883330912069253,0.011069028360218839
882,2024-08-21 00:00:00+05:30,4307.666417120494,4291.44384765625,-0.0037659762603177646,-0.0036017285233155717
883,2024-08-22 00:00:00+05:30,4392.57266943237,4474.5341796875,0.0186591131036931,-0.013979629693952268
884,2024-08-23 00:00:00+05:30,4490.357266024668,4705.3935546875,0.04788845874021162,0.0008542721237250893
885,2024-08-26 00:00:00+05:30,4705.393809345479,4717.6728515625,0.002609567384696549,0.0014507921774612937
886,2024-08-28 00:00:00+05:30,4765.941186590112,4850.99755859375,0.01784671037128204,0.0030616764250915927
887,2024-08-29 00:00:00+05:30,4731.998785183756,4750.9169921875,0.003997931500527521,0.0068548387096774265
888,2024-08-30 00:00:00+05:30,4771.88147553198,4821.04833984375,0.01030345463605397,-0.016462419606163528
889,2024-09-02 00:00:00+05:30,4891.678862412396,4782.61328125,-0.022296144990312888,-0.005825047705132087
890,2024-09-03 00:00:00+05:30,4784.859516082968,4801.98046875,0.0035781515861614153,-0.0018722422007780746
891,2024-09-04 00:00:00+05:30,4753.012790067757,4805.6240234375,0.011069028360218839,-0.001662651117700695
892,2024-09-05 00:00:00+05:30,4836.77181321919,4819.35107421875,-0.0036017285233155717,-0.015353689835499817
893,2024-09-06 00:00:00+05:30,4841.713189504852,4774.02783203125,-0.013979629693952268,0.01392437150137962
894,2024-09-09 00:00:00+05:30,4790.84920560593,4794.94189453125,0.0008542721237250893,0.0019106291599007704
895,2024-09-10 00:00:00+05:30,4816.805273619928,4823.79345703125,0.0014507921774612937,-0.028575379973233336
896,2024-09-11 00:00:00+05:30,4874.6077549177,4889.5322265625,0.0030616764250915927,-0.010549022077771012
897,2024-09-12 00:00:00+05:30,4951.627218286944,4985.56982421875,0.0068548387096774265,0.012026445267574135
898,2024-09-13 00:00:00+05:30,5018.114704427393,4935.50439453125,-0.016462419606163528,0.01051122747315952
899,2024-09-16 00:00:00+05:30,4970.096066216048,4941.14501953125,-0.005825047705132087,-0.01904619544336866
900,2024-09-17 00:00:00+05:30,4932.260264719078,4923.02587890625,-0.0018722422007780746,0.014426208581760067
901,2024-09-18 00:00:00+05:30,4923.674634384053,4915.48828125,-0.001662651117700695,-0.01771844154047481
902,2024-09-19 00:00:00+05:30,4941.594363398474,4865.72265625,-0.015353689835499817,-0.009334091366809892
903,2024-09-20 00:00:00+05:30,4828.684983150233,4895.92138671875,0.01392437150137962,-0.025858175428205524
904,2024-09-23 00:00:00+05:30,4911.744384203562,4921.12890625,0.0019106291599007704,0.022454672820801058
905,2024-09-24 00:00:00+05:30,4955.670218097935,4814.06005859375,-0.028575379973233336,0.015633751315860527
906,2024-09-25 00:00:00+05:30,4821.697198006598,4770.8330078125,-0.010549022077771012,-0.018368613651171057
907,2024-09-26 00:00:00+05:30,4802.08007802117,4859.83203125,0.012026445267574135,6.392491924537983e-05
908,2024-09-27 00:00:00+05:30,4881.745456787642,4933.05859375,0.01051122747315952,-0.010042475232770484
909,2024-09-30 00:00:00+05:30,4872.012043584557,4779.21875,-0.01904619544336866,0.0009368832236842681
910,2024-10-01 00:00:00+05:30,4826.788638754754,4896.4208984375,0.014426208581760067,-0.004862174761050019
911,2024-10-03 00:00:00+05:30,4791.997051653093,4707.09033203125,-0.01771844154047481,-0.017522090173732848
912,2024-10-04 00:00:00+05:30,4647.1419845975215,4603.76513671875,-0.009334091366809892,0.01771339065919041
913,2024-10-07 00:00:00+05:30,4592.334849379055,4473.58544921875,-0.025858175428205524,-0.029023354937433684
914,2024-10-08 00:00:00+05:30,4490.357503137371,4591.18701171875,0.022454672820801058,-0.017206247959405854
915,2024-10-09 00:00:00+05:30,4623.1827596663525,4695.46044921875,0.015633751315860527,0.014729961854571122
916,2024-10-10 00:00:00+05:30,4741.931815033038,4654.8291015625,-0.018368613651171057,-0.004680616740088078
917,2024-10-11 00:00:00+05:30,4682.0332209356975,4682.33251953125,6.392491924537983e-05,-0.0354471020799797
918,2024-10-14 00:00:00+05:30,4716.974099473836,4669.60400390625,-0.010042475232770484,-0.022707313357311593
919,2024-10-15 00:00:00+05:30,4741.98163336693,4746.42431640625,0.0009368832236842681,0.003025336386755212
920,2024-10-16 00:00:00+05:30,4712.081863948391,4689.1708984375,-0.004862174761050019,-0.007792124195403238
921,2024-10-17 00:00:00+05:30,4697.556616092132,4615.24560546875,-0.017522090173732848,-0.004622415736777839
922,2024-10-18 00:00:00+05:30,4562.285574415342,4643.09912109375,0.01771339065919041,-0.028147572987709858
923,2024-10-21 00:00:00+05:30,4720.96753517138,4583.94921875,-0.029023354937433684,0.026612426083878506
924,2024-10-22 00:00:00+05:30,4586.4944863974015,4507.578125,-0.017206247959405854,-0.020563953810181466
925,2024-10-23 00:00:00+05:30,4442.588189187697,4508.02734375,0.014729961854571122,0.0007633232379715068
926,2024-10-24 00:00:00+05:30,4532.336198997234,4511.1220703125,-0.004680616740088078,-0.0043329155911669415
927,2024-10-25 00:00:00+05:30,4517.411368478208,4357.2822265625,-0.0354471020799797,-0.03157439446366771
928,2024-10-28 00:00:00+05:30,4101.863990672779,4008.7216796875,-0.022707313357311593,-0.00683562262204183
929,2024-10-29 00:00:00+05:30,4009.270753788585,4021.400146484375,0.003025336386755212,0.00788858838649604
930,2024-10-31 00:00:00+05:30,4074.16091865144,4042.41455078125,-0.007792124195403238,-5.025161394190914e-05
931,2024-11-01 00:00:00+05:30,4081.847978801095,4062.97998046875,-0.004622415736777839,0.009032036730221828
932,2024-11-04 00:00:00+05:30,4068.0712745251526,3953.56494140625,-0.028147572987709858,-0.003977043329994595
933,2024-11-06 00:00:00+05:30,3950.120626720862,4055.242919921875,0.026612426083878506,0.01499857778090505
934,2024-11-07 00:00:00+05:30,4073.062716936428,3989.304443359375,-0.020563953810181466,0.014843503066256383
935,2024-11-08 00:00:00+05:30,3989.0049045474766,3992.0498046875,0.0007633232379715068,-0.015503177255111245
936,2024-11-11 00:00:00+05:30,4020.501793734512,4003.081298828125,-0.0043329155911669415,0.0044605488532390635
937,2024-11-12 00:00:00+05:30,4039.170091977445,3911.6357421875,-0.03157439446366771,0.008352596081441102
938,2024-11-13 00:00:00+05:30,3870.205754287212,3843.75048828125,-0.00683562262204183,-0.0009141186019786695
939,2024-11-14 00:00:00+05:30,3853.484019078921,3883.882568359375,0.00788858838649604,0.012583161026026857
940,2024-11-18 00:00:00+05:30,3972.283109731048,3972.08349609375,-5.025161394190914e-05,-0.012311022260705625
941,2024-11-19 00:00:00+05:30,4001.1843977426975,4037.3232421875,0.009032036730221828,-0.010617083211974042
942,2024-11-21 00:00:00+05:30,4079.052647248436,4062.830078125,-0.003977043329994595,-0.004176201372997788
943,2024-11-22 00:00:00+05:30,4073.512000143153,4134.60888671875,0.01499857778090505,0.017632779517417173
944,2024-11-25 00:00:00+05:30,4173.243413440117,4235.18896484375,0.014843503066256383,0.0028156642807263175
945,2024-11-26 00:00:00+05:30,4288.6483196150775,4222.16064453125,-0.015503177255111245,-0.0017619264891163367
946,2024-11-27 00:00:00+05:30,4241.228278441274,4260.146484375,0.0044605488532390635,-0.0020336368511234874
947,2024-11-28 00:00:00+05:30,4308.714175858673,4344.703125,0.008352596081441102,0.004341473605496889
948,2024-11-29 00:00:00+05:30,4368.413169614473,4364.419921875,-0.0009141186019786695,-0.005039159608862017
949,2024-12-02 00:00:00+05:30,4347.697977969429,4402.40576171875,0.012583161026026857,-0.002752084552248514
950,2024-12-03 00:00:00+05:30,4451.922462634175,4397.11474609375,-0.012311022260705625,-0.00401013071641662
951,2024-12-04 00:00:00+05:30,4409.943293500936,4363.12255859375,-0.010617083211974042,-0.010748249352343713
952,2024-12-05 00:00:00+05:30,4362.623000759393,4344.40380859375,-0.004176201372997788,0.033566823259940086
953,2024-12-06 00:00:00+05:30,4393.47083878967,4470.93994140625,0.017632779517417173,-0.022314562851123602
954,2024-12-09 00:00:00+05:30,4467.446074007097,4480.02490234375,0.0028156642807263175,0.00919312214816453
955,2024-12-10 00:00:00+05:30,4476.381195228255,4468.494140625,-0.0017619264891163367,0.026884084824590683
956,2024-12-11 00:00:00+05:30,4466.99635778202,4457.912109375,-0.0020336368511234874,0.016236385236969273
957,2024-12-12 00:00:00+05:30,4437.9461528211605,4457.21337890625,0.004341473605496889,-0.01017991484788353
958,2024-12-13 00:00:00+05:30,4447.529486730003,4425.11767578125,-0.005039159608862017,-0.019456227052961555
959,2024-12-16 00:00:00+05:30,4407.347165488036,4395.2177734375,-0.002752084552248514,-0.005200153971158539
960,2024-12-17 00:00:00+05:30,4394.020498915013,4376.39990234375,-0.00401013071641662,-0.010452698403745074
961,2024-12-18 00:00:00+05:30,4430.458540324124,4382.8388671875,-0.010748249352343713,-0.021484289834898862
962,2024-12-19 00:00:00+05:30,4282.70841557189,4426.46533203125,0.033566823259940086,-0.016768308099962628
963,2024-12-20 00:00:00+05:30,4442.488137797503,4343.35595703125,-0.022314562851123602,-0.055338395075907834
964,2024-12-23 00:00:00+05:30,4392.622479526192,4433.00439453125,0.00919312214816453,0.01399281102866969
965,2024-12-24 00:00:00+05:30,4480.224171770442,4600.6708984375,0.026884084824590683,-0.01529389106843522
966,2024-12-26 00:00:00+05:30,4642.200203062195,4717.57275390625,0.016236385236969273,-0.0015700699494653968
967,2024-12-27 00:00:00+05:30,4717.023783261544,4669.0048828125,-0.01017991484788353,-0.008415515881748806
968,2024-12-30 00:00:00+05:30,4684.678891017605,4593.53271484375,-0.019456227052961555,-0.025596711557781347
969,2024-12-31 00:00:00+05:30,4569.024278182008,4545.2646484375,-0.005200153971158539,0.004924445548645904
970,2025-01-01 00:00:00+05:30,4632.117837759963,4583.69970703125,-0.010452698403745074,-0.0009092840929638478
971,2025-01-02 00:00:00+05:30,4628.124347690229,4528.6923828125,-0.021484289834898862,0.011191322689582847
972,2025-01-03 00:00:00+05:30,4530.638624819311,4454.66748046875,-0.016768308099962628,-0.009576283009231369
973,2025-01-06 00:00:00+05:30,4507.328728542049,4257.900390625,-0.055338395075907834,-0.009207744189180469
974,2025-01-07 00:00:00+05:30,4262.841585899602,4322.49072265625,0.01399281102866969,-0.03404943443810858
975,2025-01-08 00:00:00+05:30,4317.948884408464,4251.91064453125,-0.01529389106843522,-0.008483181661985924
976,2025-01-09 00:00:00+05:30,4260.246502197916,4253.5576171875,-0.0015700699494653968,0.029390949618647
977,2025-01-10 00:00:00+05:30,4252.808621464725,4217.01904296875,-0.008415515881748806,0.004209465212869793
978,2025-01-13 00:00:00+05:30,4099.068925167348,3994.146240234375,-0.025596711557781347,0.008478694456796297
979,2025-01-14 00:00:00+05:30,3963.298382609304,3982.8154296875,0.004924445548645904,0.013492968387219462
980,2025-01-15 00:00:00+05:30,4062.480814416895,4058.786865234375,-0.0009092840929638478,0.0019602123496909427
981,2025-01-16 00:00:00+05:30,4058.7867684831954,4104.2099609375,0.011191322689582847,-0.016720907521802445
982,2025-01-17 00:00:00+05:30,4123.028206838731,4083.544921875,-0.009576283009231369,0.03075335390111869
983,2025-01-20 00:00:00+05:30,4141.646944335341,4103.51171875,-0.009207744189180469,0.030577706385175877
984,2025-01-21 00:00:00+05:30,4142.844975651312,4001.783447265625,-0.03404943443810858,-0.021292966792416122
985,2025-01-22 00:00:00+05:30,4036.474815146544,4002.232666015625,-0.008483181661985924,-0.012670454545454516
986,2025-01-23 00:00:00+05:30,4013.1640438690297,4131.11474609375,0.029390949618647,0.005328028467145798
987,2025-01-24 00:00:00+05:30,4138.352697500038,4155.77294921875,0.004209465212869793,-0.012696629213483133
988,2025-01-27 00:00:00+05:30,4132.811691482941,4167.8525390625,0.008478694456796297,-0.011072490035268041
989,2025-01-28 00:00:00+05:30,4221.012322760676,4277.96630859375,0.013492968387219462,-0.01107549252717413
990,2025-01-29 00:00:00+05:30,4277.966328352851,4286.35205078125,0.0019602123496909427,0.007141129987048395
991,2025-01-30 00:00:00+05:30,4292.741422973551,4220.962890625,-0.016720907521802445,0.005904164541800345
992,2025-01-31 00:00:00+05:30,4189.216374394873,4318.048828125,0.03075335390111869,0.00686116236162355
993,2025-02-01 00:00:00+05:30,4350.3938786318295,4483.4189453125,0.030577706385175877,-0.032643309428374116
994,2025-02-03 00:00:00+05:30,4482.171143184759,4386.732421875,-0.021292966792416122,0.020028442758947596
995,2025-02-04 00:00:00+05:30,4392.572392746159,4336.91650390625,-0.012670454545454516,0.009312933034581824
996,2025-02-05 00:00:00+05:30,4384.436472661268,4407.796875,0.005328028467145798,0.010914646967045256
997,2025-02-06 00:00:00+05:30,4442.488120545621,4386.08349609375,-0.012696629213483133,0.026455938752761487
998,2025-02-07 00:00:00+05:30,4404.352599488392,4355.58544921875,-0.011072490035268041,0.001554657275391652
999,2025-02-10 00:00:00+05:30,4362.623378407679,4314.30517578125,-0.01107549252717413,0.0005624424175072882
1000,2025-02-11 00:00:00+05:30,4277.816303807545,4308.36474609375,0.007141129987048395,-0.03439967000712743
1001,2025-02-12 00:00:00+05:30,4303.273429665398,4328.6806640625,0.005904164541800345,0.0026068851568672126
1002,2025-02-13 00:00:00+05:30,4328.6805907490125,4358.38037109375,0.00686116236162355,0.005667725638764407
1003,2025-02-14 00:00:00+05:30,4354.935886883778,4212.7763671875,-0.032643309428374116,-0.0018676547985055248
1004,2025-02-17 00:00:00+05:30,4211.877994247052,4296.2353515625,0.020028442758947596,0.03361287709040297
1005,2025-02-18 00:00:00+05:30,4293.190654492519,4333.1728515625,0.009312933034581824,0.018294224943067598
1006,2025-02-19 00:00:00+05:30,4344.603622745982,4392.0234375,0.010914646967045256,-0.0029098881203826663
1007,2025-02-20 00:00:00+05:30,4379.145116721316,4494.99951171875,0.026455938752761487,-0.030033367581544314
1008,2025-02-21 00:00:00+05:30,4494.999609123543,4501.98779296875,0.001554657275391652,-0.015440071444440883
1009,2025-02-24 00:00:00+05:30,4525.797273078082,4528.3427734375,0.0005624424175072882,0.007077944129069373
1010,2025-02-25 00:00:00+05:30,4578.05891112851,4420.5751953125,-0.03439967000712743,0.01475994737194957
1011,2025-02-27 00:00:00+05:30,4423.020961837324,4434.55126953125,0.0026068851568672126,-0.007444011376782256
1012,2025-02-28 00:00:00+05:30,4447.529439771299,4472.73681640625,0.005667725638764407,0.008219524870463726
1013,2025-03-03 00:00:00+05:30,4463.3526034697925,4455.0166015625,-0.0018676547985055248,0.006563266133924949
1014,2025-03-04 00:00:00+05:30,4440.19230325905,4589.43994140625,0.03361287709040297,0.026613145137975847
1015,2025-03-05 00:00:00+05:30,4602.9666098404,4687.17431640625,0.018294224943067598,0.008176412289395387
1016,2025-03-06 00:00:00+05:30,4768.886202652305,4755.00927734375,-0.0029098881203826663,-0.010002139669569785
1017,2025-03-07 00:00:00+05:30,4789.900796616413,4646.0439453125,-0.030033367581544314,-0.017104969343162576
1018,2025-03-10 00:00:00+05:30,4690.867763085972,4618.4404296875,-0.015440071444440883,-0.0074357749119199285
1019,2025-03-11 00:00:00+05:30,4619.238879045292,4651.93359375,0.007077944129069373,0.002254100276780414
1020,2025-03-12 00:00:00+05:30,4653.381278632026,4722.06494140625,0.01475994737194957,0.05645146692539386
1021,2025-03-13 00:00:00+05:30,4727.356511277052,4692.166015625,-0.007444011376782256,-0.006210010612271624
1022,2025-03-17 00:00:00+05:30,4736.790442526479,4775.724609375,0.008219524870463726,-0.0025892924179856535
1023,2025-03-18 00:00:00+05:30,4768.536808233149,4799.833984375,0.006563266133924949,0.008346636552427377
1024,2025-03-19 00:00:00+05:30,4840.914618683672,4969.74658203125,0.026613145137975847,0.0006899838772660637
1025,2025-03-20 00:00:00+05:30,5036.48369531826,5077.6640625,0.008176412289395387,0.011364483729509916
1026,2025-03-21 00:00:00+05:30,5080.359879240088,5029.54541015625,-0.010002139669569785,0.08491650957229319
1027,2025-03-24 00:00:00+05:30,5051.408583491663,4965.00439453125,-0.017104969343162576,0.008688826290362143
1028,2025-03-25 00:00:00+05:30,5041.425380930338,5003.9384765625,-0.0074357749119199285,0.009532332295325584
1029,2025-03-26 00:00:00+05:30,5004.537629718693,5015.818359375,0.002254100276780414,-0.019594817515466892
1030,2025-03-27 00:00:00+05:30,4847.303523438042,5120.94091796875,0.05645146692539386,7.611916994455584e-05
1031,2025-03-28 00:00:00+05:30,5136.265403286855,5104.369140625,-0.006210010612271624,-0.0029177703322983166
1032,2025-04-01 00:00:00+05:30,5031.592228451274,5018.56396484375,-0.0025892924179856535,0.02251861217612888
1033,2025-04-02 00:00:00+05:30,5017.515640087321,5059.39501953125,0.008346636552427377,0.0214666051737873
1034,2025-04-03 00:00:00+05:30,4991.958949121632,4995.4033203125,0.0006899838772660637,0.005870023568832382
1035,2025-04-04 00:00:00+05:30,5033.5386197539465,5090.7421875,0.011364483729509916,0.004191695477919808
1036,2025-04-07 00:00:00+05:30,4592.634057788512,4982.62451171875,0.08491650957229319,-0.005754319499151773
1037,2025-04-08 00:00:00+05:30,5101.373779853396,5145.69873046875,0.008688826290362143,-0.031842490143088695
1038,2025-04-09 00:00:00+05:30,5131.722365601235,5180.6396484375,0.009532332295325584,0.024870032137933238
1039,2025-04-11 00:00:00+05:30,5245.081094398565,5142.3046875,-0.019594817515466892,-0.02117747352236798
1040,2025-04-15 00:00:00+05:30,5251.170597752862,5251.5703125,7.611916994455584e-05,-0.0035346955144638066
1041,2025-04-16 00:00:00+05:30,5252.019009469246,5236.69482421875,-0.0029177703322983166,0.03864242135711745
1042,2025-04-17 00:00:00+05:30,5240.139468283644,5358.14013671875,0.02251861217612888,0.02234476552073712
1043,2025-04-21 00:00:00+05:30,5371.367819341509,5486.6728515625,0.0214666051737873,-0.0391956727112898
1044,2025-04-22 00:00:00+05:30,5493.21126338411,5525.45654296875,0.005870023568832382,0.02408688376077191
1045,2025-04-23 00:00:00+05:30,5525.456644152514,5548.61767578125,0.004191695477919808,-0.03394727801923876
1046,2025-04-24 00:00:00+05:30,5542.927023051118,5511.03125,-0.005754319499151773,0.029169570111492377
1047,2025-04-25 00:00:00+05:30,5478.685960732968,5304.23095703125,-0.031842490143088695,0.007442858957728389
1048,2025-04-28 00:00:00+05:30,5206.296580474,5335.77734375,0.024870032137933238,0.003627308238636348
1049,2025-04-29 00:00:00+05:30,5366.925001969494,5253.26708984375,-0.02117747352236798,-0.019587546744236874
1050,2025-04-30 00:00:00+05:30,5253.266941281127,5234.6982421875,-0.0035346955144638066,0.026088118399908173
1051,2025-05-02 00:00:00+05:30,5135.915665607476,5334.3798828125,0.03864242135711745,-0.004463961231381694
1052,2025-05-05 00:00:00+05:30,5394.82785988366,5515.3740234375,0.02234476552073712,0.004197835131408543
1053,2025-05-06 00:00:00+05:30,5530.797996542226,5314.0146484375,-0.0391956727112898,-0.02153563096565662
1054,2025-05-07 00:00:00+05:30,5157.978630016985,5282.21826171875,0.02408688376077191,0.0036633869503910543
1055,2025-05-08 00:00:00+05:30,5316.909649124503,5136.4150390625,-0.03394727801923876,-0.0013158013671644108
1056,2025-05-09 00:00:00+05:30,4947.134638984645,5091.4404296875,0.029169570111492377,-0.0006793478260870415
1057,2025-05-12 00:00:00+05:30,5425.526287911378,5465.90771484375,0.007442858957728389,-0.023721003971565676
1058,2025-05-13 00:00:00+05:30,5490.715805541299,5510.63232421875,0.003627308238636348,0.006659701088243685
1059,2025-05-14 00:00:00+05:30,5550.264901322553,5441.548828125,-0.019587546744236874,0.0004133646497266498
1060,2025-05-15 00:00:00+05:30,5435.808633123579,5577.61865234375,0.026088118399908173,-0.0014915302682802789
1061,2025-05-16 00:00:00+05:30,5579.814815295016,5554.90673828125,-0.004463961231381694,0.0029146568566328604
1062,2025-05-19 00:00:00+05:30,5541.179958071301,5564.44091796875,0.004197835131408543,-0.0005154639175257939
1063,2025-05-20 00:00:00+05:30,5555.805990656564,5436.158203125,-0.02153563096565662,0.005513761039203731
1064,2025-05-21 00:00:00+05:30,5436.507309908924,5456.42333984375,0.0036633869503910543,0.0026386202359676507
1065,2025-05-22 00:00:00+05:30,5500.648894147711,5493.4111328125,-0.0013158013671644108,0.005420033570372676
1066,2025-05-23 00:00:00+05:30,5510.681657885792,5506.93798828125,-0.0006793478260870415,-0.00017333004605981267
1067,2025-05-26 00:00:00+05:30,5540.581475497561,5409.1533203125,-0.023721003971565676,0.037393275462565545
1068,2025-05-27 00:00:00+05:30,5269.090584047117,5304.18115234375,0.006659701088243685,-0.017991193804824532
1069,2025-05-28 00:00:00+05:30,5313.664846916789,5315.861328125,0.0004133646497266498,-0.0065433720154153266
1070,2025-05-29 00:00:00+05:30,5320.902595870061,5312.96630859375,-0.0014915302682802789,-0.024844643907562795
1071,2025-05-30 00:00:00+05:30,5308.972942953891,5324.44677734375,0.0029146568566328604,0.011942326472355842
1072,2025-06-02 00:00:00+05:30,5325.994381366039,5323.2490234375,-0.0005154639175257939,0.020701910171552734
1073,2025-06-03 00:00:00+05:30,5341.21825590993,5370.66845703125,0.005513761039203731,-0.013150557620817746
1074,2025-06-04 00:00:00+05:30,5391.433234853148,5405.6591796875,0.0026386202359676507,-0.012594340045352414
1075,2025-06-05 00:00:00+05:30,5442.846270184721,5472.3466796875,0.005420033570372676,-0.00619021926188999
1076,2025-06-06 00:00:00+05:30,5472.745954589633,5471.79736328125,-0.00017333004605981267,0.02597144717261914
1077,2025-06-09 00:00:00+05:30,5481.031626146953,5685.9853515625,0.037393275462565545,0.038971711894825435
1078,2025-06-10 00:00:00+05:30,5690.378161163992,5588.00146484375,-0.017991193804824532,0.0012768441128889528
1079,2025-06-11 00:00:00+05:30,5660.228877770902,5623.19189453125,-0.0065433720154153266,-0.005493809937169397
1080,2025-06-12 00:00:00+05:30,5613.458518609734,5473.994140625,-0.024844643907562795,0.004182141399770527
1081,2025-06-13 00:00:00+05:30,5191.222017038297,5253.21728515625,0.011942326472355842,0.019954492955166013
1082,2025-06-16 00:00:00+05:30,5261.153410631841,5370.0693359375,0.020701910171552734,0.014728477682042137
1083,2025-06-17 00:00:00+05:30,5370.918166481259,5300.28759765625,-0.013150557620817746,-0.0016901241352668636
1084,2025-06-18 00:00:00+05:30,5330.686280377671,5263.5498046875,-0.012594340045352414,0.010738539898132424
1085,2025-06-19 00:00:00+05:30,5289.7053735933405,5256.9609375,-0.00619021926188999,-0.03821551308889695
1086,2025-06-20 00:00:00+05:30,5241.137877003003,5377.2578125,0.02597144717261914,-0.008319036952937078
1087,2025-06-23 00:00:00+05:30,5256.461633056566,5461.31494140625,0.038971711894825435,0.0005568726954006399
1088,2025-06-24 00:00:00+05:30,5590.596542997786,5597.73486328125,0.0012768441128889528,0.009184171975560963
1089,2025-06-25 00:00:00+05:30,5660.428863306624,5629.33154296875,-0.005493809937169397,-0.0005555745681066907
1090,2025-06-26 00:00:00+05:30,5657.433562880227,5681.09375,0.004182141399770527,-0.01098945982524183
1091,2025-06-27 00:00:00+05:30,5688.331582969732,5801.83935546875,0.019954492955166013,0.011897452590811928
1092,2025-06-30 00:00:00+05:30,5880.007764988138,5966.611328125,0.014728477682042137,0.004686607784874339
1093,2025-07-01 00:00:00+05:30,5965.862344811646,5955.779296875,-0.0016901241352668636,-0.0019113217425037216
1094,2025-07-02 00:00:00+05:30,5880.057452041689,5943.20068359375,0.010738539898132424,0.006010110682586484
1095,2025-07-03 00:00:00+05:30,5984.830558025036,5756.1171875,-0.03821551308889695,-0.01934775985047162
1096,2025-07-04 00:00:00+05:30,5790.159271600082,5741.99072265625,-0.008319036952937078,0.0034252732650564824
1097,2025-07-07 00:00:00+05:30,5736.150909025816,5739.34521484375,0.0005568726954006399,0.004004936850839503
1098,2025-07-08 00:00:00+05:30,5739.295185374016,5792.005859375,0.009184171975560963,0.011691778802838145
1099,2025-07-09 00:00:00+05:30,5839.925177971027,5836.6806640625,-0.0005555745681066907,-0.007053996960793619
1100,2025-07-10 00:00:00+05:30,5895.680974208507,5830.890625,-0.01098945982524183,0.00014527085751379285
1101,2025-07-11 00:00:00+05:30,5840.124813778644,5909.607421875,0.011897452590811928,-0.0025193297237747084
1102,2025-07-14 00:00:00+05:30,5900.522833285943,5928.17626953125,0.004686607784874339,0.00013881280643909992
1103,2025-07-15 00:00:00+05:30,5928.325566458062,5916.99462890625,-0.0019113217425037216,0.00024330683435907572
1104,2025-07-16 00:00:00+05:30,5905.015088547983,5940.5048828125,0.006010110682586484,-0.0035414653812202196
1105,2025-07-17 00:00:00+05:30,5900.273281438935,5786.1162109375,-0.01934775985047162,0.05325725063497006
1106,2025-07-18 00:00:00+05:30,5829.09381937474,5849.06005859375,0.0034252732650564824,-0.019383836531126745
1107,2025-07-21 00:00:00+05:30,5845.31643928748,5868.7265625,0.004004936850839503,-0.020600172689418356
1108,2025-07-22 00:00:00+05:30,5870.274255023272,5938.908203125,0.011691778802838145,7.788172519675094e-05
1109,2025-07-23 00:00:00+05:30,5929.92341172404,5888.09375,-0.007053996960793619,0.012918569040189764
1110,2025-07-24 00:00:00+05:30,5838.577606074505,5839.42578125,0.00014527085751379285,-0.008864681661916575
1111,2025-07-25 00:00:00+05:30,5805.183765763061,5790.55859375,-0.0025193297237747084,-0.01850386697753475
1112,2025-07-28 00:00:00+05:30,5752.023811057083,5752.822265625,0.00013881280643909992,0.01745724057943772
1113,2025-07-29 00:00:00+05:30,5743.937421706668,5745.3349609375,0.00024330683435907572,0.009354296853225636
1114,2025-07-30 00:00:00+05:30,5750.575914742891,5730.21044921875,-0.0035414653812202196,0.00900108997573925
1115,2025-07-31 00:00:00+05:30,5601.029286505993,5899.32470703125,0.05325725063497006,0.007172638390049406
1116,2025-08-01 00:00:00+05:30,5889.291835855319,5775.134765625,-0.019383836531126745,0.008971464663633867
1117,2025-08-04 00:00:00+05:30,5890.489634955308,5769.14453125,-0.020600172689418356,-0.005755431792484705
1118,2025-08-05 00:00:00+05:30,5770.74197090964,5771.19140625,7.788172519675094e-05,0.013145699319660302
1119,2025-08-06 00:00:00+05:30,5807.380277258105,5882.4033203125,0.012918569040189764,-0.008187074050555224
1120,2025-08-07 00:00:00+05:30,5889.890717168678,5837.6787109375,-0.008864681661916575,-0.013817527157116915
1121,2025-08-08 00:00:00+05:30,5867.229023025036,5758.66259765625,-0.01850386697753475,-0.009385776962342123
1122,2025-08-11 00:00:00+05:30,5767.198557008418,5867.8779296875,0.01745724057943772,-0.008894900803410394
1123,2025-08-12 00:00:00+05:30,5859.042871361757,5913.85009765625,0.009354296853225636,-0.02565000558486873
1124,2025-08-13 00:00:00+05:30,5915.9501953125,5969.2001953125,0.00900108997573925,-0.01938203927057723
1125,2025-08-14 00:00:00+05:30,5960.14990234375,6002.89990234375,0.007172638390049406,0.007381907395553176
1126,2025-08-18 00:00:00+05:30,6046.9501953125,6101.2001953125,0.008971464663633867,-0.0009523742276167515
1127,2025-08-19 00:00:00+05:30,6089.9501953125,6054.89990234375,-0.005755431792484705,0.013000837267848656
1128,2025-08-20 00:00:00+05:30,6074.2001953125,6154.0498046875,0.013145699319660302,-0.01643354348086186
1129,2025-08-21 00:00:00+05:30,6149.9501953125,6099.60009765625,-0.008187074050555224,-0.009072933957276264
1130,2025-08-22 00:00:00+05:30,6169.7001953125,6084.4501953125,-0.013817527157116915,0.004780275371629568
1131,2025-08-25 00:00:00+05:30,6168.9501953125,6111.0498046875,-0.009385776962342123,-0.01041032340355497
1132,2025-08-26 00:00:00+05:30,6099.0,6044.75,-0.008894900803410394,-0.004130268918858682
1133,2025-08-28 00:00:00+05:30,5875.25,5724.5498046875,-0.02565000558486873,0.016965844189138348
1134,2025-08-29 00:00:00+05:30,5739.85009765625,5628.60009765625,-0.01938203927057723,0.0010053062859046345
1135,2025-09-01 00:00:00+05:30,5628.60009765625,5670.14990234375,0.007381907395553176,-0.007652955857817646
1136,2025-09-02 00:00:00+05:30,5670.4501953125,5665.0498046875,-0.0009523742276167515,0.005464895148026316
1137,2025-09-03 00:00:00+05:30,5665.0498046875,5738.7001953125,0.013000837267848656,0.0008184648388780747
1138,2025-09-04 00:00:00+05:30,5786.9501953125,5691.85009765625,-0.01643354348086186,-0.005221932114882507
1139,2025-09-05 00:00:00+05:30,5720.2998046875,5668.39990234375,-0.009072933957276264,-0.011656329251885141
1140,2025-09-08 00:00:00+05:30,5669.14990234375,5696.25,0.004780275371629568,0.003273965426925092
1141,2025-09-09 00:00:00+05:30,5696.25,5636.9501953125,-0.01041032340355497,-0.0062739181599711195
1142,2025-09-10 00:00:00+05:30,5641.35009765625,5618.0498046875,-0.004130268918858682,-0.0034768920059536417
1143,2025-09-11 00:00:00+05:30,5572.9501953125,5667.5,0.016965844189138348,-0.004928976961278723
1144,2025-09-12 00:00:00+05:30,5719.64990234375,5725.39990234375,0.0010053062859046345,-0.019823441806600645
1145,2025-09-15 00:00:00+05:30,5769.0,5724.85009765625,-0.007652955857817646,0.015487439490121225
1146,2025-09-16 00:00:00+05:30,5700.0,5731.14990234375,0.005464895148026316,0.008881795788085903
1147,2025-09-17 00:00:00+05:30,5742.10009765625,5746.7998046875,0.0008184648388780747,0.004252499873666482
1148,2025-09-18 00:00:00+05:30,5745.0,5715.0,-0.005221932114882507,0.00665511084466108
1149,2025-09-19 00:00:00+05:30,5747.9501953125,5680.9501953125,-0.011656329251885141,0.013787704446239332
1150,2025-09-22 00:00:00+05:30,5727.0,5745.75,0.003273965426925092,0.0013792890276629688
1151,2025-09-23 00:00:00+05:30,5769.9501953125,5733.75,-0.0062739181599711195,-0.0039801170351341205
1152,2025-09-24 00:00:00+05:30,5709.14990234375,5689.2998046875,-0.0034768920059536417,0.015545576470926683
1153,2025-09-25 00:00:00+05:30,5701.0,5672.89990234375,-0.004928976961278723,0.0021056888925294888
1154,2025-09-26 00:00:00+05:30,5670.0498046875,5557.64990234375,-0.019823441806600645,0.006513077445652174
1155,2025-09-29 00:00:00+05:30,5594.85009765625,5681.5,0.015487439490121225,0.0007214523985299994
1156,2025-09-30 00:00:00+05:30,5545.0498046875,5594.2998046875,0.008881795788085903,0.013276249783774433
1157,2025-10-01 00:00:00+05:30,5584.9501953125,5608.7001953125,0.004252499873666482,0.003439782631944259
1158,2025-10-03 00:00:00+05:30,5619.7998046875,5657.2001953125,0.00665511084466108,-0.008123722322543717
1159,2025-10-06 00:00:00+05:30,5620.9501953125,5698.4501953125,0.013787704446239332,0.012050642163447188
1160,2025-10-07 00:00:00+05:30,5655.2998046875,5663.10009765625,0.0013792890276629688,-0.0037994297317758266
1161,2025-10-08 00:00:00+05:30,5653.10009765625,5630.60009765625,-0.0039801170351341205,-0.02163028958967529
1162,2025-10-09 00:00:00+05:30,5635.0498046875,5722.64990234375,0.015545576470926683,-0.004766813609818119
1163,2025-10-10 00:00:00+05:30,5722.5,5734.5498046875,0.0021056888925294888,0.00973517578049174
1164,2025-10-13 00:00:00+05:30,5750.0,5787.4501953125,0.006513077445652174,-0.0028563418134549706
1165,2025-10-14 00:00:00+05:30,5752.14990234375,5756.2998046875,0.0007214523985299994,-0.0016321761515373547
1166,2025-10-15 00:00:00+05:30,5781.0,5857.75,0.013276249783774433,-0.015418784077112658
1167,2025-10-16 00:00:00+05:30,5857.89990234375,5878.0498046875,0.003439782631944259,-0.018725969404450264
1168,2025-10-17 00:00:00+05:30,5896.2998046875,5848.39990234375,-0.008123722322543717,0.0020409771020015186
1169,2025-10-20 00:00:00+05:30,5862.75,5933.39990234375,0.012050642163447188,-0.011000034265350877
1170,2025-10-21 00:00:00+05:30,5935.0498046875,5912.5,-0.0037994297317758266,-0.005270961948208042
1171,2025-10-23 00:00:00+05:30,5913.0,5785.10009765625,-0.02163028958967529,-0.020770357878463888
1172,2025-10-24 00:00:00+05:30,5800.5,5772.85009765625,-0.004766813609818119,-0.0031403761376719154
1173,2025-10-27 00:00:00+05:30,5772.89990234375,5829.10009765625,0.00973517578049174,0.03528757111691464
1174,2025-10-28 00:00:00+05:30,5829.10009765625,5812.4501953125,-0.0028563418134549706,0.007774285023261881
1175,2025-10-29 00:00:00+05:30,5820.4501953125,5810.9501953125,-0.0016321761515373547,0.014390061196874906
1176,2025-10-30 00:00:00+05:30,5811.10009765625,5721.5,-0.015418784077112658,-0.003441859683440189
1177,2025-10-31 00:00:00+05:30,5730.0,5622.7001953125,-0.018725969404450264,0.0031840170098783303
1178,2025-11-03 00:00:00+05:30,5683.60009765625,5695.2001953125,0.0020409771020015186,-0.023055352393617022
1179,2025-11-04 00:00:00+05:30,5700.0,5637.2998046875,-0.011000034265350877,0.010576686069904757
1180,2025-11-06 00:00:00+05:30,5720.0,5689.85009765625,-0.005270961948208042,-0.00043182739993770554
1181,2025-11-07 00:00:00+05:30,5700.4501953125,5582.0498046875,-0.020770357878463888,0.011263644979839544
1182,2025-11-10 00:00:00+05:30,5604.2998046875,5586.7001953125,-0.0031403761376719154,-0.021014608258249176
1183,2025-11-11 00:00:00+05:30,5586.9501953125,5784.10009765625,0.03528757111691464,-0.0025284391466393577
1184,2025-11-12 00:00:00+05:30,5749.75,5794.4501953125,0.007774285023261881,0.022229910907360956
1185,2025-11-13 00:00:00+05:30,5823.4501953125,5907.25,0.014390061196874906,0.0007103323714696432
1186,2025-11-14 00:00:00+05:30,5927.0,5906.60009765625,-0.003441859683440189,0.0020286373233459236
1187,2025-11-17 00:00:00+05:30,5857.35009765625,5876.0,0.0031840170098783303,-0.0137198299055798
1188,2025-11-18 00:00:00+05:30,5875.0,5739.5498046875,-0.023055352393617022,-0.01602621616224851
1189,2025-11-19 00:00:00+05:30,5701.2001953125,5761.5,0.010576686069904757,-0.015404929577464789
1190,2025-11-20 00:00:00+05:30,5789.35009765625,5786.85009765625,-0.00043182739993770554,-0.01116564872590471
1191,2025-11-21 00:00:00+05:30,5775.2001953125,5840.25,0.011263644979839544,-0.0022476683649271583
1192,2025-11-24 00:00:00+05:30,5924.4501953125,5799.9501953125,-0.021014608258249176,-0.034019275623648745
1193,2025-11-25 00:00:00+05:30,5794.0498046875,5779.39990234375,-0.0025284391466393577,0.016881766511729155
1194,2025-11-26 00:00:00+05:30,5780.5,5909.0,0.022229910907360956,-0.04063246255860934
1195,2025-11-27 00:00:00+05:30,5913.0,5917.2001953125,0.0007103323714696432,0.03816076319212355
1196,2025-11-28 00:00:00+05:30,5890.75,5902.7001953125,0.0020286373233459236,0.006387183779761905
1197,2025-12-01 00:00:00+05:30,5871.0498046875,5790.5,-0.0137198299055798,0.0132958984375
1198,2025-12-02 00:00:00+05:30,5790.5,5697.7001953125,-0.01602621616224851,-0.009116087974685577
1199,2025-12-03 00:00:00+05:30,5680.0,5592.5,-0.015404929577464789,-0.004229134641821636
1200,2025-12-04 00:00:00+05:30,5499.0,5437.60009765625,-0.01116564872590471,0.02714863359688755
1201,2025-12-05 00:00:00+05:30,5383.39990234375,5371.2998046875,-0.0022476683649271583,0.00042738067161662976
1202,2025-12-08 00:00:00+05:30,5100.0498046875,4926.5498046875,-0.034019275623648745,-0.004211035818005808
1203,2025-12-09 00:00:00+05:30,4881.0,4963.39990234375,0.016881766511729155,0.0020994954680209955
1204,2025-12-10 00:00:00+05:30,5012.0,4808.35009765625,-0.04063246255860934,-0.013873824332524272
1205,2025-12-11 00:00:00+05:30,4642.2001953125,4819.35009765625,0.03816076319212355,0.00013797661387865645
